,0-14,15-24,25-34,35-44,45-54,55-64,65+
0,0.0,0.0,0.0,0.0,25.500000000000004,0.0,408.00000000000006
1,0.0,0.0,0.0,0.0,0.0,25.500000000000004,0.0
2,0.0,0.0,0.0,25.500000000000004,0.0,76.5,662.9999999999999
3,0.0,0.0,0.0,0.0,0.0,76.5,561.0
4,0.0,0.0,0.0,0.0,0.0,25.500000000000004,356.99999999999994
5,0.0,0.0,0.0,0.0,0.0,0.0,76.5
6,0.0,0.0,0.0,25.500000000000004,51.00000000000001,76.5,867.0000000000001
7,0.0,0.0,0.0,0.0,0.0,51.00000000000001,637.5
8,0.0,0.0,0.0,0.0,0.0,25.500000000000004,0.0
9,0.0,25.500000000000004,0.0,0.0,0.0,25.500000000000004,790.5
10,0.0,0.0,0.0,0.0,0.0,51.00000000000001,713.9999999999999
11,0.0,25.500000000000004,0.0,25.500000000000004,25.500000000000004,25.500000000000004,713.9999999999999
12,0.0,0.0,0.0,0.0,0.0,0.0,25.500000000000004
13,0.0,0.0,25.500000000000004,51.00000000000001,51.00000000000001,25.500000000000004,637.5
14,0.0,0.0,0.0,0.0,25.500000000000004,51.00000000000001,561.0
15,25.500000000000004,0.0,0.0,0.0,0.0,25.500000000000004,561.0
16,0.0,0.0,0.0,0.0,0.0,76.5,662.9999999999999
17,0.0,0.0,0.0,0.0,0.0,0.0,51.00000000000001
18,0.0,0.0,25.500000000000004,0.0,25.500000000000004,76.5,841.5
19,0.0,0.0,0.0,0.0,0.0,0.0,0.0
20,0.0,0.0,0.0,0.0,0.0,25.500000000000004,76.5
21,25.500000000000004,0.0,0.0,0.0,0.0,51.00000000000001,76.5
22,0.0,0.0,0.0,0.0,0.0,0.0,153.0
23,0.0,0.0,0.0,0.0,0.0,25.500000000000004,102.00000000000001
24,0.0,0.0,0.0,0.0,0.0,51.00000000000001,51.00000000000001
25,0.0,0.0,25.500000000000004,0.0,51.00000000000001,76.5,918.0000000000001
26,51.00000000000001,0.0,25.500000000000004,0.0,51.00000000000001,76.5,612.0
27,0.0,0.0,0.0,0.0,0.0,0.0,51.00000000000001
28,0.0,0.0,0.0,25.500000000000004,25.500000000000004,76.5,969.0
29,0.0,0.0,0.0,0.0,0.0,0.0,51.00000000000001
30,0.0,0.0,0.0,0.0,0.0,25.500000000000004,76.5
31,0.0,0.0,0.0,0.0,25.500000000000004,102.00000000000001,510.0
32,0.0,0.0,0.0,0.0,0.0,0.0,0.0
33,0.0,0.0,25.500000000000004,0.0,0.0,51.00000000000001,586.5
34,0.0,0.0,0.0,0.0,0.0,25.500000000000004,51.00000000000001
35,0.0,0.0,0.0,25.500000000000004,25.500000000000004,25.500000000000004,280.5
36,0.0,0.0,0.0,0.0,0.0,0.0,178.49999999999997
37,0.0,0.0,0.0,0.0,25.500000000000004,51.00000000000001,204.00000000000003
38,0.0,0.0,0.0,25.500000000000004,0.0,25.500000000000004,76.5
39,0.0,0.0,0.0,0.0,0.0,25.500000000000004,51.00000000000001
40,0.0,0.0,0.0,25.500000000000004,0.0,102.00000000000001,688.5
41,0.0,0.0,0.0,0.0,0.0,51.00000000000001,459.00000000000006
42,0.0,0.0,0.0,0.0,0.0,0.0,51.00000000000001
43,0.0,0.0,0.0,0.0,25.500000000000004,0.0,662.9999999999999
44,0.0,0.0,25.500000000000004,0.0,0.0,25.500000000000004,459.00000000000006
45,0.0,0.0,0.0,0.0,0.0,153.0,892.5
46,0.0,25.500000000000004,0.0,0.0,51.00000000000001,51.00000000000001,127.5
47,0.0,0.0,0.0,25.500000000000004,0.0,0.0,306.0
48,0.0,0.0,0.0,0.0,0.0,0.0,76.5
49,0.0,0.0,0.0,25.500000000000004,0.0,51.00000000000001,637.5
50,0.0,0.0,0.0,0.0,0.0,0.0,356.99999999999994
51,0.0,0.0,0.0,25.500000000000004,0.0,76.5,510.0
52,0.0,0.0,0.0,25.500000000000004,25.500000000000004,51.00000000000001,764.9999999999999
53,0.0,0.0,0.0,0.0,0.0,0.0,0.0
54,0.0,0.0,0.0,25.500000000000004,0.0,51.00000000000001,459.00000000000006
55,0.0,0.0,0.0,51.00000000000001,25.500000000000004,102.00000000000001,918.0000000000001
56,0.0,0.0,0.0,0.0,51.00000000000001,25.500000000000004,255.0
57,25.500000000000004,0.0,0.0,0.0,25.500000000000004,51.00000000000001,612.0
58,0.0,0.0,0.0,0.0,25.500000000000004,25.500000000000004,280.5
59,0.0,25.500000000000004,0.0,0.0,0.0,25.500000000000004,535.5
60,0.0,0.0,0.0,0.0,25.500000000000004,0.0,459.00000000000006
61,0.0,0.0,0.0,0.0,25.500000000000004,25.500000000000004,127.5
62,0.0,0.0,0.0,0.0,25.500000000000004,51.00000000000001,510.0
63,0.0,0.0,0.0,0.0,0.0,51.00000000000001,356.99999999999994
64,0.0,0.0,0.0,25.500000000000004,0.0,51.00000000000001,229.50000000000003
65,0.0,0.0,0.0,0.0,25.500000000000004,0.0,51.00000000000001
66,0.0,0.0,0.0,0.0,0.0,25.500000000000004,306.0
67,0.0,25.500000000000004,25.500000000000004,0.0,76.5,25.500000000000004,994.5
68,0.0,0.0,0.0,51.00000000000001,0.0,0.0,484.5
69,0.0,0.0,0.0,0.0,25.500000000000004,0.0,153.0
70,0.0,0.0,0.0,0.0,0.0,0.0,25.500000000000004
71,25.500000000000004,0.0,0.0,0.0,51.00000000000001,178.49999999999997,713.9999999999999
72,0.0,0.0,0.0,25.500000000000004,0.0,25.500000000000004,255.0
73,0.0,0.0,0.0,0.0,0.0,0.0,0.0
74,0.0,0.0,25.500000000000004,0.0,25.500000000000004,127.5,841.5
75,0.0,0.0,0.0,0.0,0.0,0.0,408.00000000000006
76,0.0,0.0,25.500000000000004,0.0,25.500000000000004,25.500000000000004,510.0
77,0.0,0.0,0.0,0.0,25.500000000000004,25.500000000000004,204.00000000000003
78,0.0,0.0,0.0,0.0,0.0,0.0,0.0
79,0.0,0.0,0.0,25.500000000000004,76.5,153.0,688.5
80,0.0,0.0,0.0,0.0,51.00000000000001,51.00000000000001,255.0
81,0.0,0.0,25.500000000000004,0.0,25.500000000000004,76.5,280.5
82,0.0,0.0,25.500000000000004,25.500000000000004,0.0,76.5,433.50000000000006
83,0.0,0.0,0.0,0.0,0.0,0.0,102.00000000000001
84,0.0,0.0,0.0,0.0,0.0,0.0,356.99999999999994
85,0.0,0.0,0.0,0.0,25.500000000000004,51.00000000000001,459.00000000000006
86,0.0,0.0,0.0,0.0,0.0,0.0,153.0
87,0.0,0.0,0.0,0.0,0.0,0.0,25.500000000000004
88,0.0,0.0,0.0,0.0,0.0,25.500000000000004,356.99999999999994
89,0.0,0.0,0.0,0.0,25.500000000000004,0.0,255.0
90,0.0,0.0,0.0,0.0,25.500000000000004,0.0,102.00000000000001
91,25.500000000000004,0.0,0.0,25.500000000000004,25.500000000000004,76.5,612.0
92,0.0,0.0,0.0,0.0,0.0,51.00000000000001,76.5
93,0.0,0.0,0.0,0.0,0.0,76.5,178.49999999999997
94,0.0,0.0,0.0,0.0,25.500000000000004,25.500000000000004,331.49999999999994
95,0.0,0.0,0.0,0.0,0.0,0.0,76.5
96,0.0,0.0,0.0,51.00000000000001,0.0,25.500000000000004,204.00000000000003
97,0.0,0.0,0.0,25.500000000000004,25.500000000000004,76.5,510.0
98,0.0,0.0,0.0,25.500000000000004,25.500000000000004,102.00000000000001,892.5
99,25.500000000000004,0.0,0.0,0.0,51.00000000000001,25.500000000000004,306.0
100,0.0,0.0,0.0,25.500000000000004,0.0,51.00000000000001,867.0000000000001
101,0.0,0.0,0.0,0.0,0.0,0.0,255.0
102,0.0,0.0,0.0,0.0,0.0,25.500000000000004,229.50000000000003
103,0.0,0.0,0.0,0.0,51.00000000000001,51.00000000000001,764.9999999999999
104,0.0,0.0,0.0,25.500000000000004,0.0,25.500000000000004,764.9999999999999
105,0.0,0.0,0.0,0.0,0.0,0.0,178.49999999999997
106,0.0,0.0,0.0,0.0,0.0,0.0,178.49999999999997
107,0.0,0.0,0.0,0.0,25.500000000000004,51.00000000000001,1045.5
108,0.0,0.0,0.0,0.0,0.0,0.0,0.0
109,0.0,0.0,0.0,51.00000000000001,0.0,127.5,739.5
110,0.0,0.0,0.0,0.0,0.0,0.0,204.00000000000003
111,0.0,0.0,0.0,0.0,0.0,178.49999999999997,433.50000000000006
112,25.500000000000004,0.0,0.0,25.500000000000004,25.500000000000004,102.00000000000001,969.0
113,0.0,0.0,0.0,0.0,51.00000000000001,0.0,408.00000000000006
114,25.500000000000004,0.0,0.0,25.500000000000004,0.0,76.5,510.0
115,0.0,0.0,0.0,0.0,25.500000000000004,25.500000000000004,331.49999999999994
116,0.0,0.0,0.0,0.0,25.500000000000004,0.0,76.5
117,25.500000000000004,0.0,0.0,0.0,0.0,0.0,280.5
118,0.0,0.0,0.0,0.0,25.500000000000004,25.500000000000004,459.00000000000006
119,0.0,0.0,25.500000000000004,0.0,0.0,25.500000000000004,433.50000000000006
120,0.0,0.0,0.0,0.0,0.0,0.0,102.00000000000001
121,0.0,0.0,0.0,0.0,0.0,0.0,25.500000000000004
122,0.0,0.0,0.0,0.0,0.0,0.0,25.500000000000004
123,0.0,0.0,0.0,25.500000000000004,51.00000000000001,76.5,688.5
124,25.500000000000004,25.500000000000004,0.0,25.500000000000004,51.00000000000001,102.00000000000001,1071.0
125,0.0,0.0,0.0,25.500000000000004,25.500000000000004,0.0,0.0
126,0.0,0.0,0.0,0.0,25.500000000000004,0.0,0.0
127,0.0,0.0,0.0,25.500000000000004,0.0,102.00000000000001,662.9999999999999
128,0.0,0.0,25.500000000000004,0.0,0.0,25.500000000000004,382.49999999999994
129,0.0,0.0,0.0,25.500000000000004,25.500000000000004,51.00000000000001,561.0
130,0.0,0.0,0.0,0.0,0.0,0.0,0.0
131,0.0,0.0,0.0,0.0,0.0,76.5,510.0
132,25.500000000000004,0.0,0.0,0.0,25.500000000000004,51.00000000000001,484.5
133,0.0,0.0,25.500000000000004,25.500000000000004,25.500000000000004,25.500000000000004,459.00000000000006
134,0.0,0.0,25.500000000000004,0.0,25.500000000000004,76.5,561.0
135,0.0,0.0,0.0,0.0,25.500000000000004,25.500000000000004,408.00000000000006
136,0.0,0.0,0.0,25.500000000000004,0.0,25.500000000000004,356.99999999999994
137,0.0,0.0,0.0,0.0,0.0,0.0,204.00000000000003
138,0.0,0.0,0.0,0.0,0.0,25.500000000000004,408.00000000000006
139,0.0,0.0,0.0,0.0,0.0,76.5,561.0
140,0.0,0.0,0.0,25.500000000000004,0.0,127.5,586.5
141,0.0,0.0,0.0,25.500000000000004,25.500000000000004,102.00000000000001,1020.0
142,0.0,0.0,0.0,0.0,0.0,127.5,484.5
143,0.0,0.0,0.0,0.0,0.0,25.500000000000004,153.0
144,0.0,0.0,0.0,51.00000000000001,0.0,76.5,561.0
145,0.0,0.0,0.0,0.0,0.0,0.0,51.00000000000001
146,0.0,0.0,0.0,0.0,0.0,0.0,0.0
147,0.0,0.0,0.0,0.0,25.500000000000004,76.5,255.0
148,0.0,0.0,0.0,25.500000000000004,25.500000000000004,76.5,408.00000000000006
149,0.0,0.0,0.0,0.0,0.0,0.0,0.0
150,0.0,0.0,0.0,0.0,0.0,0.0,229.50000000000003
151,0.0,0.0,25.500000000000004,0.0,0.0,0.0,204.00000000000003
152,0.0,0.0,0.0,25.500000000000004,0.0,0.0,76.5
153,0.0,0.0,0.0,0.0,0.0,0.0,280.5
154,0.0,0.0,0.0,0.0,25.500000000000004,51.00000000000001,586.5
155,0.0,0.0,0.0,51.00000000000001,51.00000000000001,127.5,918.0000000000001
156,0.0,25.500000000000004,0.0,0.0,25.500000000000004,153.0,561.0
157,0.0,0.0,0.0,0.0,0.0,51.00000000000001,586.5
158,0.0,0.0,0.0,0.0,0.0,0.0,0.0
159,0.0,0.0,0.0,25.500000000000004,25.500000000000004,0.0,561.0
160,0.0,0.0,0.0,0.0,25.500000000000004,25.500000000000004,561.0
161,0.0,0.0,0.0,25.500000000000004,0.0,51.00000000000001,408.00000000000006
162,0.0,0.0,0.0,0.0,51.00000000000001,76.5,433.50000000000006
163,0.0,0.0,25.500000000000004,0.0,0.0,51.00000000000001,943.5
164,0.0,0.0,0.0,25.500000000000004,25.500000000000004,76.5,356.99999999999994
165,0.0,0.0,0.0,0.0,0.0,102.00000000000001,331.49999999999994
166,0.0,0.0,25.500000000000004,0.0,0.0,76.5,408.00000000000006
167,0.0,0.0,0.0,0.0,0.0,0.0,76.5
168,25.500000000000004,0.0,25.500000000000004,0.0,0.0,76.5,382.49999999999994
169,0.0,0.0,0.0,0.0,76.5,25.500000000000004,229.50000000000003
170,0.0,0.0,0.0,25.500000000000004,0.0,76.5,356.99999999999994
171,0.0,0.0,0.0,0.0,0.0,0.0,0.0
172,0.0,0.0,0.0,0.0,0.0,25.500000000000004,331.49999999999994
173,0.0,0.0,0.0,0.0,0.0,51.00000000000001,153.0
174,0.0,0.0,0.0,0.0,0.0,0.0,51.00000000000001
175,0.0,0.0,25.500000000000004,0.0,25.500000000000004,102.00000000000001,561.0
176,0.0,25.500000000000004,0.0,0.0,0.0,102.00000000000001,688.5
177,0.0,0.0,0.0,0.0,0.0,76.5,382.49999999999994
178,0.0,0.0,0.0,0.0,0.0,0.0,25.500000000000004
179,0.0,25.500000000000004,0.0,0.0,0.0,51.00000000000001,612.0
180,0.0,0.0,0.0,0.0,25.500000000000004,0.0,76.5
181,0.0,0.0,25.500000000000004,0.0,51.00000000000001,25.500000000000004,306.0
182,0.0,0.0,0.0,0.0,51.00000000000001,0.0,204.00000000000003
183,0.0,0.0,0.0,0.0,0.0,0.0,76.5
184,0.0,0.0,0.0,0.0,25.500000000000004,25.500000000000004,637.5
185,0.0,0.0,0.0,25.500000000000004,0.0,0.0,459.00000000000006
186,0.0,0.0,0.0,25.500000000000004,0.0,25.500000000000004,535.5
187,0.0,0.0,0.0,0.0,0.0,25.500000000000004,0.0
188,0.0,0.0,0.0,0.0,0.0,25.500000000000004,25.500000000000004
189,0.0,0.0,0.0,0.0,0.0,25.500000000000004,127.5
190,0.0,0.0,0.0,0.0,25.500000000000004,76.5,586.5
191,0.0,0.0,0.0,0.0,0.0,76.5,561.0
192,0.0,0.0,0.0,0.0,0.0,76.5,255.0
193,0.0,0.0,25.500000000000004,0.0,0.0,127.5,1071.0
194,0.0,0.0,25.500000000000004,51.00000000000001,0.0,76.5,764.9999999999999
195,0.0,0.0,0.0,25.500000000000004,25.500000000000004,25.500000000000004,153.0
196,0.0,0.0,0.0,25.500000000000004,0.0,0.0,102.00000000000001
197,0.0,0.0,0.0,0.0,51.00000000000001,153.0,561.0
198,0.0,0.0,0.0,25.500000000000004,0.0,25.500000000000004,867.0000000000001
199,0.0,0.0,0.0,51.00000000000001,0.0,102.00000000000001,841.5
200,0.0,0.0,0.0,0.0,0.0,76.5,153.0
201,0.0,0.0,0.0,0.0,51.00000000000001,51.00000000000001,637.5
202,0.0,0.0,0.0,0.0,0.0,25.500000000000004,76.5
203,0.0,0.0,0.0,0.0,0.0,0.0,25.500000000000004
204,0.0,0.0,0.0,25.500000000000004,0.0,25.500000000000004,433.50000000000006
205,0.0,25.500000000000004,0.0,25.500000000000004,0.0,102.00000000000001,918.0000000000001
206,0.0,0.0,0.0,0.0,76.5,102.00000000000001,764.9999999999999
207,0.0,0.0,0.0,0.0,25.500000000000004,25.500000000000004,433.50000000000006
208,0.0,0.0,0.0,25.500000000000004,0.0,102.00000000000001,356.99999999999994
209,0.0,0.0,0.0,0.0,0.0,0.0,51.00000000000001
210,0.0,0.0,0.0,0.0,0.0,0.0,25.500000000000004
211,0.0,0.0,0.0,0.0,0.0,0.0,25.500000000000004
212,0.0,0.0,0.0,0.0,0.0,0.0,25.500000000000004
213,0.0,0.0,0.0,0.0,0.0,0.0,356.99999999999994
214,0.0,0.0,0.0,0.0,25.500000000000004,127.5,586.5
215,0.0,0.0,0.0,0.0,0.0,0.0,102.00000000000001
216,0.0,0.0,0.0,0.0,25.500000000000004,0.0,255.0
217,0.0,0.0,0.0,0.0,0.0,0.0,0.0
218,0.0,0.0,0.0,0.0,25.500000000000004,25.500000000000004,306.0
219,0.0,0.0,0.0,0.0,25.500000000000004,25.500000000000004,127.5
220,0.0,0.0,25.500000000000004,0.0,0.0,0.0,356.99999999999994
221,0.0,0.0,0.0,0.0,0.0,25.500000000000004,561.0
222,25.500000000000004,0.0,0.0,0.0,0.0,0.0,280.5
223,0.0,0.0,0.0,0.0,0.0,0.0,51.00000000000001
224,0.0,0.0,0.0,0.0,0.0,0.0,229.50000000000003
225,0.0,0.0,0.0,0.0,0.0,0.0,102.00000000000001
226,0.0,25.500000000000004,0.0,0.0,25.500000000000004,127.5,764.9999999999999
227,0.0,0.0,0.0,0.0,0.0,0.0,25.500000000000004
228,0.0,0.0,0.0,0.0,0.0,0.0,127.5
229,0.0,0.0,0.0,0.0,0.0,25.500000000000004,408.00000000000006
230,0.0,0.0,25.500000000000004,0.0,0.0,51.00000000000001,306.0
231,0.0,0.0,0.0,0.0,25.500000000000004,127.5,1300.5
232,0.0,0.0,0.0,0.0,0.0,0.0,0.0
233,25.500000000000004,0.0,0.0,0.0,25.500000000000004,25.500000000000004,484.5
234,0.0,0.0,0.0,0.0,51.00000000000001,127.5,1045.5
235,0.0,0.0,0.0,0.0,0.0,25.500000000000004,0.0
236,0.0,0.0,0.0,0.0,127.5,127.5,612.0
237,0.0,0.0,0.0,0.0,51.00000000000001,25.500000000000004,1173.0
238,0.0,0.0,0.0,51.00000000000001,0.0,102.00000000000001,459.00000000000006
239,0.0,0.0,0.0,0.0,0.0,25.500000000000004,127.5
240,0.0,0.0,0.0,0.0,0.0,0.0,51.00000000000001
241,0.0,0.0,0.0,0.0,76.5,25.500000000000004,331.49999999999994
242,0.0,25.500000000000004,0.0,51.00000000000001,25.500000000000004,25.500000000000004,612.0
243,0.0,0.0,0.0,0.0,51.00000000000001,25.500000000000004,25.500000000000004
244,0.0,0.0,0.0,0.0,0.0,51.00000000000001,102.00000000000001
245,0.0,0.0,0.0,0.0,0.0,0.0,25.500000000000004
246,0.0,0.0,0.0,25.500000000000004,0.0,25.500000000000004,102.00000000000001
247,0.0,0.0,0.0,0.0,0.0,0.0,535.5
248,0.0,0.0,0.0,0.0,25.500000000000004,25.500000000000004,51.00000000000001
249,0.0,0.0,0.0,0.0,51.00000000000001,51.00000000000001,484.5
250,0.0,0.0,0.0,0.0,25.500000000000004,76.5,662.9999999999999
251,0.0,0.0,0.0,0.0,25.500000000000004,25.500000000000004,229.50000000000003
252,0.0,0.0,0.0,0.0,0.0,51.00000000000001,255.0
253,25.500000000000004,0.0,0.0,0.0,0.0,76.5,178.49999999999997
254,0.0,0.0,0.0,0.0,76.5,51.00000000000001,510.0
255,0.0,0.0,0.0,0.0,0.0,0.0,76.5
256,0.0,0.0,51.00000000000001,25.500000000000004,0.0,76.5,535.5
257,0.0,0.0,0.0,0.0,0.0,0.0,76.5
258,0.0,0.0,0.0,0.0,25.500000000000004,0.0,25.500000000000004
259,0.0,0.0,0.0,0.0,25.500000000000004,0.0,764.9999999999999
260,0.0,0.0,25.500000000000004,0.0,25.500000000000004,51.00000000000001,306.0
261,0.0,0.0,0.0,0.0,0.0,0.0,51.00000000000001
262,0.0,0.0,0.0,0.0,0.0,0.0,127.5
263,0.0,0.0,0.0,25.500000000000004,0.0,76.5,382.49999999999994
264,0.0,0.0,0.0,51.00000000000001,0.0,76.5,306.0
265,25.500000000000004,0.0,0.0,0.0,0.0,127.5,459.00000000000006
266,0.0,25.500000000000004,25.500000000000004,25.500000000000004,51.00000000000001,51.00000000000001,331.49999999999994
267,25.500000000000004,0.0,0.0,0.0,0.0,0.0,76.5
268,0.0,0.0,0.0,0.0,0.0,0.0,204.00000000000003
269,0.0,0.0,0.0,0.0,0.0,102.00000000000001,764.9999999999999
270,0.0,0.0,25.500000000000004,0.0,25.500000000000004,127.5,1147.5
271,0.0,0.0,0.0,51.00000000000001,51.00000000000001,25.500000000000004,255.0
272,0.0,0.0,0.0,0.0,0.0,51.00000000000001,459.00000000000006
273,0.0,0.0,0.0,0.0,25.500000000000004,127.5,306.0
274,0.0,0.0,0.0,0.0,0.0,51.00000000000001,153.0
275,0.0,0.0,0.0,0.0,25.500000000000004,76.5,612.0
276,0.0,0.0,0.0,0.0,0.0,102.00000000000001,1020.0
277,0.0,0.0,0.0,25.500000000000004,51.00000000000001,76.5,637.5
278,0.0,0.0,0.0,25.500000000000004,25.500000000000004,0.0,586.5
279,0.0,0.0,0.0,25.500000000000004,0.0,51.00000000000001,484.5
280,0.0,0.0,0.0,25.500000000000004,25.500000000000004,76.5,484.5
281,0.0,0.0,0.0,0.0,25.500000000000004,0.0,127.5
282,0.0,25.500000000000004,0.0,25.500000000000004,102.00000000000001,204.00000000000003,918.0000000000001
283,0.0,0.0,0.0,0.0,0.0,0.0,25.500000000000004
284,0.0,0.0,25.500000000000004,0.0,0.0,25.500000000000004,535.5
285,0.0,0.0,0.0,0.0,0.0,0.0,382.49999999999994
286,0.0,0.0,0.0,0.0,0.0,102.00000000000001,535.5
287,0.0,0.0,0.0,0.0,0.0,0.0,0.0
288,0.0,0.0,0.0,25.500000000000004,0.0,76.5,561.0
289,0.0,0.0,0.0,0.0,0.0,25.500000000000004,102.00000000000001
290,0.0,0.0,0.0,0.0,0.0,0.0,25.500000000000004
291,25.500000000000004,0.0,0.0,0.0,0.0,0.0,459.00000000000006
292,0.0,0.0,0.0,0.0,0.0,25.500000000000004,662.9999999999999
293,25.500000000000004,0.0,0.0,0.0,51.00000000000001,76.5,356.99999999999994
294,0.0,0.0,0.0,0.0,0.0,102.00000000000001,867.0000000000001
295,25.500000000000004,0.0,0.0,0.0,0.0,76.5,433.50000000000006
296,0.0,0.0,0.0,0.0,0.0,25.500000000000004,816.0000000000001
297,0.0,0.0,0.0,25.500000000000004,0.0,102.00000000000001,510.0
298,0.0,0.0,0.0,0.0,76.5,153.0,1096.5
299,0.0,0.0,0.0,0.0,25.500000000000004,25.500000000000004,484.5
300,0.0,25.500000000000004,0.0,0.0,0.0,25.500000000000004,484.5
301,0.0,0.0,0.0,0.0,0.0,0.0,0.0
302,0.0,0.0,0.0,0.0,0.0,51.00000000000001,229.50000000000003
303,0.0,0.0,0.0,0.0,0.0,51.00000000000001,561.0
304,0.0,0.0,0.0,0.0,25.500000000000004,0.0,0.0
305,0.0,0.0,0.0,0.0,0.0,0.0,0.0
306,0.0,0.0,0.0,0.0,25.500000000000004,51.00000000000001,382.49999999999994
307,0.0,0.0,0.0,0.0,0.0,0.0,51.00000000000001
308,0.0,25.500000000000004,0.0,0.0,0.0,51.00000000000001,816.0000000000001
309,0.0,0.0,0.0,0.0,51.00000000000001,51.00000000000001,382.49999999999994
310,0.0,0.0,0.0,25.500000000000004,0.0,0.0,255.0
311,0.0,0.0,25.500000000000004,0.0,0.0,0.0,76.5
312,0.0,0.0,0.0,0.0,0.0,25.500000000000004,255.0
313,0.0,0.0,0.0,0.0,0.0,0.0,25.500000000000004
314,0.0,0.0,0.0,76.5,76.5,25.500000000000004,943.5
315,0.0,0.0,0.0,0.0,0.0,51.00000000000001,382.49999999999994
316,0.0,0.0,0.0,0.0,0.0,0.0,25.500000000000004
317,25.500000000000004,0.0,25.500000000000004,0.0,51.00000000000001,153.0,561.0
318,0.0,0.0,0.0,0.0,0.0,51.00000000000001,51.00000000000001
319,0.0,0.0,0.0,0.0,25.500000000000004,25.500000000000004,331.49999999999994
320,0.0,0.0,0.0,25.500000000000004,0.0,0.0,510.0
321,0.0,0.0,0.0,25.500000000000004,0.0,127.5,867.0000000000001
322,0.0,0.0,0.0,0.0,25.500000000000004,76.5,459.00000000000006
323,0.0,25.500000000000004,51.00000000000001,25.500000000000004,51.00000000000001,102.00000000000001,510.0
324,25.500000000000004,0.0,0.0,25.500000000000004,76.5,0.0,331.49999999999994
325,0.0,0.0,0.0,25.500000000000004,0.0,25.500000000000004,586.5
326,0.0,0.0,0.0,51.00000000000001,0.0,51.00000000000001,484.5
327,0.0,0.0,0.0,0.0,0.0,0.0,0.0
328,0.0,0.0,0.0,25.500000000000004,51.00000000000001,25.500000000000004,764.9999999999999
329,0.0,0.0,0.0,0.0,25.500000000000004,25.500000000000004,892.5
330,0.0,0.0,0.0,25.500000000000004,25.500000000000004,0.0,433.50000000000006
331,0.0,0.0,0.0,0.0,25.500000000000004,25.500000000000004,51.00000000000001
332,0.0,0.0,0.0,0.0,0.0,0.0,0.0
333,0.0,0.0,0.0,0.0,0.0,102.00000000000001,841.5
334,0.0,0.0,0.0,0.0,51.00000000000001,102.00000000000001,459.00000000000006
335,0.0,0.0,0.0,0.0,25.500000000000004,127.5,1198.5
336,0.0,0.0,0.0,0.0,0.0,51.00000000000001,280.5
337,0.0,0.0,0.0,0.0,0.0,153.0,969.0
338,0.0,0.0,0.0,0.0,0.0,0.0,178.49999999999997
339,0.0,0.0,0.0,25.500000000000004,25.500000000000004,102.00000000000001,1096.5
340,0.0,0.0,25.500000000000004,25.500000000000004,0.0,76.5,688.5
341,25.500000000000004,0.0,0.0,0.0,0.0,0.0,51.00000000000001
342,0.0,0.0,0.0,25.500000000000004,51.00000000000001,51.00000000000001,433.50000000000006
343,0.0,0.0,25.500000000000004,0.0,0.0,0.0,229.50000000000003
344,0.0,25.500000000000004,0.0,0.0,0.0,0.0,356.99999999999994
345,0.0,0.0,0.0,0.0,25.500000000000004,153.0,1325.9999999999998
346,0.0,0.0,0.0,0.0,0.0,25.500000000000004,255.0
347,0.0,0.0,0.0,0.0,25.500000000000004,25.500000000000004,561.0
348,0.0,0.0,0.0,25.500000000000004,51.00000000000001,76.5,764.9999999999999
349,0.0,0.0,25.500000000000004,25.500000000000004,25.500000000000004,76.5,535.5
350,0.0,0.0,0.0,0.0,25.500000000000004,0.0,356.99999999999994
351,0.0,0.0,0.0,0.0,0.0,0.0,51.00000000000001
352,0.0,0.0,0.0,0.0,0.0,102.00000000000001,382.49999999999994
353,0.0,0.0,0.0,0.0,0.0,51.00000000000001,637.5
354,0.0,0.0,0.0,0.0,0.0,0.0,25.500000000000004
355,0.0,0.0,0.0,0.0,25.500000000000004,76.5,867.0000000000001
356,0.0,0.0,0.0,0.0,0.0,0.0,0.0
357,0.0,0.0,25.500000000000004,0.0,0.0,0.0,688.5
358,0.0,0.0,25.500000000000004,0.0,25.500000000000004,76.5,484.5
359,0.0,0.0,0.0,0.0,0.0,0.0,25.500000000000004
360,0.0,0.0,0.0,51.00000000000001,0.0,0.0,561.0
361,0.0,0.0,0.0,0.0,0.0,0.0,76.5
362,0.0,0.0,0.0,0.0,0.0,25.500000000000004,280.5
363,0.0,0.0,0.0,25.500000000000004,0.0,25.500000000000004,51.00000000000001
364,0.0,0.0,0.0,0.0,25.500000000000004,0.0,867.0000000000001
365,0.0,0.0,0.0,0.0,0.0,51.00000000000001,255.0
366,0.0,0.0,0.0,0.0,51.00000000000001,51.00000000000001,356.99999999999994
367,0.0,0.0,0.0,0.0,102.00000000000001,25.500000000000004,535.5
368,0.0,0.0,0.0,25.500000000000004,0.0,0.0,0.0
369,0.0,0.0,0.0,0.0,0.0,51.00000000000001,510.0
370,25.500000000000004,25.500000000000004,25.500000000000004,25.500000000000004,51.00000000000001,153.0,816.0000000000001
371,25.500000000000004,0.0,0.0,0.0,51.00000000000001,51.00000000000001,255.0
372,0.0,0.0,0.0,0.0,0.0,0.0,25.500000000000004
373,0.0,0.0,25.500000000000004,0.0,25.500000000000004,51.00000000000001,943.5
374,0.0,0.0,0.0,0.0,0.0,25.500000000000004,25.500000000000004
375,0.0,0.0,0.0,0.0,0.0,0.0,25.500000000000004
376,0.0,0.0,0.0,0.0,25.500000000000004,25.500000000000004,204.00000000000003
377,0.0,0.0,0.0,0.0,0.0,127.5,1020.0
378,0.0,0.0,0.0,0.0,25.500000000000004,25.500000000000004,662.9999999999999
379,0.0,0.0,25.500000000000004,0.0,25.500000000000004,127.5,408.00000000000006
380,0.0,0.0,0.0,0.0,0.0,51.00000000000001,484.5
381,0.0,0.0,0.0,0.0,0.0,0.0,76.5
382,0.0,0.0,0.0,0.0,25.500000000000004,25.500000000000004,280.5
383,0.0,0.0,0.0,25.500000000000004,0.0,0.0,0.0
384,0.0,0.0,0.0,25.500000000000004,0.0,76.5,382.49999999999994
385,0.0,0.0,0.0,0.0,25.500000000000004,102.00000000000001,918.0000000000001
386,0.0,0.0,0.0,0.0,25.500000000000004,51.00000000000001,662.9999999999999
387,0.0,0.0,25.500000000000004,0.0,0.0,51.00000000000001,637.5
388,0.0,0.0,0.0,0.0,0.0,25.500000000000004,255.0
389,0.0,0.0,0.0,0.0,0.0,0.0,127.5
390,0.0,0.0,25.500000000000004,25.500000000000004,51.00000000000001,51.00000000000001,535.5
391,0.0,0.0,0.0,0.0,0.0,25.500000000000004,25.500000000000004
392,0.0,25.500000000000004,0.0,0.0,0.0,25.500000000000004,459.00000000000006
393,25.500000000000004,0.0,0.0,0.0,0.0,127.5,713.9999999999999
394,0.0,0.0,0.0,25.500000000000004,51.00000000000001,25.500000000000004,510.0
395,0.0,0.0,25.500000000000004,0.0,25.500000000000004,76.5,764.9999999999999
396,0.0,0.0,0.0,0.0,25.500000000000004,25.500000000000004,306.0
397,0.0,0.0,0.0,0.0,0.0,0.0,0.0
398,0.0,0.0,0.0,0.0,51.00000000000001,25.500000000000004,306.0
399,0.0,0.0,25.500000000000004,25.500000000000004,25.500000000000004,76.5,918.0000000000001
400,0.0,0.0,0.0,0.0,0.0,51.00000000000001,459.00000000000006
401,0.0,0.0,0.0,0.0,0.0,25.500000000000004,127.5
402,0.0,0.0,0.0,0.0,0.0,0.0,0.0
403,0.0,0.0,0.0,0.0,0.0,0.0,0.0
404,0.0,0.0,0.0,0.0,25.500000000000004,0.0,688.5
405,0.0,0.0,0.0,25.500000000000004,25.500000000000004,51.00000000000001,280.5
406,0.0,0.0,25.500000000000004,25.500000000000004,25.500000000000004,76.5,612.0
407,0.0,0.0,0.0,0.0,0.0,0.0,0.0
408,0.0,0.0,0.0,0.0,25.500000000000004,25.500000000000004,280.5
409,0.0,0.0,0.0,0.0,51.00000000000001,25.500000000000004,255.0
410,0.0,0.0,0.0,0.0,0.0,76.5,306.0
411,0.0,0.0,0.0,25.500000000000004,76.5,153.0,1071.0
412,0.0,0.0,25.500000000000004,25.500000000000004,0.0,25.500000000000004,408.00000000000006
413,0.0,0.0,0.0,25.500000000000004,0.0,51.00000000000001,484.5
414,0.0,0.0,0.0,25.500000000000004,51.00000000000001,51.00000000000001,382.49999999999994
415,0.0,0.0,0.0,0.0,0.0,0.0,0.0
416,51.00000000000001,0.0,0.0,25.500000000000004,25.500000000000004,0.0,127.5
417,25.500000000000004,0.0,0.0,25.500000000000004,0.0,0.0,204.00000000000003
418,0.0,0.0,0.0,25.500000000000004,51.00000000000001,51.00000000000001,892.5
419,0.0,0.0,0.0,0.0,0.0,0.0,0.0
420,0.0,0.0,0.0,0.0,76.5,0.0,790.5
421,0.0,0.0,0.0,0.0,0.0,0.0,25.500000000000004
422,0.0,0.0,0.0,25.500000000000004,25.500000000000004,102.00000000000001,586.5
423,0.0,0.0,0.0,0.0,0.0,0.0,153.0
424,0.0,0.0,0.0,0.0,0.0,76.5,484.5
425,0.0,0.0,0.0,0.0,0.0,51.00000000000001,255.0
426,25.500000000000004,0.0,0.0,0.0,0.0,25.500000000000004,102.00000000000001
427,0.0,0.0,0.0,0.0,76.5,0.0,331.49999999999994
428,0.0,0.0,0.0,0.0,25.500000000000004,25.500000000000004,662.9999999999999
429,25.500000000000004,0.0,0.0,25.500000000000004,51.00000000000001,51.00000000000001,994.5
430,25.500000000000004,0.0,0.0,0.0,25.500000000000004,51.00000000000001,408.00000000000006
431,0.0,0.0,0.0,0.0,0.0,51.00000000000001,280.5
432,0.0,0.0,0.0,0.0,0.0,25.500000000000004,255.0
433,0.0,25.500000000000004,0.0,25.500000000000004,0.0,102.00000000000001,994.5
434,0.0,0.0,0.0,0.0,0.0,0.0,25.500000000000004
435,25.500000000000004,0.0,25.500000000000004,0.0,0.0,25.500000000000004,204.00000000000003
436,25.500000000000004,0.0,0.0,0.0,51.00000000000001,25.500000000000004,331.49999999999994
437,0.0,0.0,0.0,76.5,51.00000000000001,102.00000000000001,969.0
438,0.0,0.0,0.0,0.0,25.500000000000004,0.0,51.00000000000001
439,25.500000000000004,0.0,25.500000000000004,25.500000000000004,0.0,25.500000000000004,612.0
440,0.0,0.0,25.500000000000004,0.0,76.5,102.00000000000001,943.5
441,0.0,0.0,0.0,0.0,51.00000000000001,51.00000000000001,561.0
442,0.0,0.0,0.0,0.0,0.0,25.500000000000004,229.50000000000003
443,0.0,0.0,0.0,0.0,0.0,76.5,127.5
444,0.0,0.0,0.0,0.0,0.0,25.500000000000004,102.00000000000001
445,0.0,0.0,0.0,0.0,0.0,0.0,51.00000000000001
446,0.0,0.0,0.0,0.0,0.0,25.500000000000004,255.0
447,0.0,0.0,0.0,0.0,0.0,76.5,382.49999999999994
448,0.0,0.0,0.0,0.0,0.0,0.0,25.500000000000004
449,0.0,0.0,0.0,0.0,0.0,51.00000000000001,204.00000000000003
450,0.0,0.0,0.0,25.500000000000004,25.500000000000004,102.00000000000001,1045.5
451,0.0,0.0,0.0,0.0,0.0,0.0,204.00000000000003
452,0.0,0.0,0.0,0.0,0.0,0.0,0.0
453,0.0,0.0,0.0,0.0,0.0,0.0,51.00000000000001
454,0.0,0.0,0.0,0.0,0.0,51.00000000000001,102.00000000000001
455,0.0,0.0,0.0,0.0,0.0,0.0,433.50000000000006
456,0.0,0.0,25.500000000000004,0.0,0.0,25.500000000000004,306.0
457,25.500000000000004,0.0,0.0,0.0,0.0,76.5,255.0
458,0.0,0.0,0.0,0.0,0.0,25.500000000000004,0.0
459,0.0,0.0,25.500000000000004,0.0,0.0,51.00000000000001,535.5
460,0.0,0.0,0.0,0.0,0.0,0.0,25.500000000000004
461,0.0,0.0,0.0,0.0,0.0,0.0,255.0
462,0.0,0.0,0.0,25.500000000000004,0.0,25.500000000000004,713.9999999999999
463,0.0,0.0,0.0,0.0,0.0,0.0,76.5
464,0.0,0.0,0.0,0.0,0.0,0.0,51.00000000000001
465,25.500000000000004,0.0,0.0,0.0,25.500000000000004,51.00000000000001,688.5
466,0.0,0.0,0.0,0.0,0.0,0.0,0.0
467,25.500000000000004,0.0,0.0,25.500000000000004,25.500000000000004,153.0,892.5
468,0.0,0.0,0.0,25.500000000000004,76.5,76.5,510.0
469,0.0,0.0,0.0,0.0,25.500000000000004,51.00000000000001,790.5
470,0.0,25.500000000000004,0.0,0.0,51.00000000000001,25.500000000000004,637.5
471,0.0,0.0,0.0,0.0,25.500000000000004,51.00000000000001,637.5
472,0.0,0.0,0.0,0.0,51.00000000000001,51.00000000000001,662.9999999999999
473,0.0,0.0,0.0,0.0,0.0,0.0,255.0
474,0.0,0.0,0.0,25.500000000000004,0.0,0.0,127.5
475,0.0,0.0,0.0,25.500000000000004,0.0,51.00000000000001,713.9999999999999
476,25.500000000000004,0.0,0.0,51.00000000000001,25.500000000000004,153.0,1045.5
477,0.0,0.0,0.0,0.0,0.0,0.0,25.500000000000004
478,0.0,0.0,0.0,0.0,0.0,25.500000000000004,356.99999999999994
479,0.0,0.0,0.0,51.00000000000001,76.5,127.5,459.00000000000006
480,0.0,0.0,0.0,25.500000000000004,25.500000000000004,76.5,1071.0
481,0.0,0.0,0.0,0.0,0.0,0.0,102.00000000000001
482,0.0,0.0,0.0,0.0,0.0,0.0,0.0
483,0.0,0.0,0.0,0.0,0.0,0.0,0.0
484,0.0,25.500000000000004,25.500000000000004,0.0,25.500000000000004,229.50000000000003,918.0000000000001
485,0.0,0.0,25.500000000000004,0.0,25.500000000000004,25.500000000000004,739.5
486,0.0,0.0,0.0,0.0,0.0,0.0,0.0
487,0.0,0.0,0.0,0.0,25.500000000000004,0.0,331.49999999999994
488,0.0,0.0,0.0,0.0,0.0,0.0,102.00000000000001
489,0.0,0.0,51.00000000000001,25.500000000000004,51.00000000000001,51.00000000000001,153.0
490,0.0,0.0,0.0,76.5,25.500000000000004,25.500000000000004,408.00000000000006
491,0.0,0.0,0.0,76.5,0.0,51.00000000000001,356.99999999999994
492,0.0,0.0,0.0,0.0,0.0,51.00000000000001,408.00000000000006
493,0.0,0.0,0.0,0.0,0.0,0.0,153.0
494,0.0,0.0,0.0,0.0,0.0,0.0,25.500000000000004
495,0.0,25.500000000000004,0.0,0.0,0.0,25.500000000000004,255.0
496,0.0,0.0,0.0,0.0,0.0,25.500000000000004,612.0
497,0.0,0.0,0.0,0.0,0.0,0.0,153.0
498,0.0,0.0,0.0,0.0,0.0,0.0,51.00000000000001
499,0.0,0.0,0.0,0.0,0.0,25.500000000000004,127.5
500,0.0,0.0,0.0,0.0,0.0,25.500000000000004,331.49999999999994
501,0.0,0.0,0.0,0.0,0.0,25.500000000000004,25.500000000000004
502,0.0,0.0,0.0,25.500000000000004,25.500000000000004,0.0,127.5
503,0.0,0.0,0.0,0.0,25.500000000000004,51.00000000000001,204.00000000000003
504,0.0,0.0,51.00000000000001,0.0,0.0,25.500000000000004,459.00000000000006
505,0.0,0.0,0.0,25.500000000000004,0.0,153.0,1020.0
506,0.0,0.0,0.0,25.500000000000004,0.0,25.500000000000004,459.00000000000006
507,0.0,0.0,0.0,0.0,25.500000000000004,25.500000000000004,306.0
508,0.0,0.0,0.0,0.0,0.0,0.0,51.00000000000001
509,0.0,0.0,0.0,0.0,0.0,0.0,0.0
510,0.0,0.0,51.00000000000001,0.0,76.5,127.5,816.0000000000001
511,0.0,0.0,0.0,0.0,25.500000000000004,51.00000000000001,943.5
512,0.0,0.0,0.0,0.0,0.0,76.5,280.5
513,25.500000000000004,0.0,0.0,0.0,0.0,0.0,0.0
514,0.0,0.0,0.0,0.0,0.0,25.500000000000004,51.00000000000001
515,0.0,0.0,0.0,0.0,0.0,25.500000000000004,127.5
516,0.0,0.0,0.0,0.0,51.00000000000001,25.500000000000004,688.5
517,0.0,0.0,0.0,0.0,0.0,0.0,0.0
518,0.0,0.0,0.0,0.0,0.0,0.0,0.0
519,0.0,0.0,0.0,0.0,25.500000000000004,51.00000000000001,382.49999999999994
520,0.0,0.0,0.0,0.0,0.0,0.0,127.5
521,25.500000000000004,0.0,0.0,25.500000000000004,76.5,76.5,688.5
522,0.0,0.0,0.0,25.500000000000004,51.00000000000001,51.00000000000001,764.9999999999999
523,0.0,0.0,0.0,0.0,0.0,0.0,76.5
524,0.0,0.0,0.0,25.500000000000004,25.500000000000004,0.0,484.5
525,0.0,0.0,0.0,0.0,0.0,0.0,280.5
526,0.0,0.0,0.0,0.0,0.0,102.00000000000001,739.5
527,0.0,0.0,0.0,0.0,0.0,0.0,25.500000000000004
528,0.0,0.0,0.0,25.500000000000004,0.0,25.500000000000004,535.5
529,0.0,0.0,25.500000000000004,0.0,0.0,51.00000000000001,713.9999999999999
530,0.0,0.0,0.0,0.0,0.0,0.0,25.500000000000004
531,25.500000000000004,0.0,0.0,0.0,0.0,102.00000000000001,790.5
532,0.0,0.0,0.0,25.500000000000004,25.500000000000004,25.500000000000004,408.00000000000006
533,0.0,25.500000000000004,0.0,0.0,25.500000000000004,25.500000000000004,331.49999999999994
534,0.0,0.0,25.500000000000004,0.0,25.500000000000004,51.00000000000001,382.49999999999994
535,25.500000000000004,0.0,0.0,51.00000000000001,102.00000000000001,51.00000000000001,637.5
536,0.0,0.0,0.0,0.0,0.0,76.5,484.5
537,0.0,0.0,0.0,25.500000000000004,25.500000000000004,51.00000000000001,382.49999999999994
538,0.0,0.0,0.0,0.0,0.0,51.00000000000001,51.00000000000001
539,0.0,0.0,0.0,0.0,0.0,25.500000000000004,637.5
540,0.0,0.0,0.0,0.0,0.0,0.0,76.5
541,0.0,0.0,0.0,0.0,0.0,51.00000000000001,561.0
542,0.0,0.0,0.0,0.0,0.0,0.0,25.500000000000004
543,0.0,0.0,0.0,0.0,25.500000000000004,76.5,561.0
544,0.0,0.0,25.500000000000004,0.0,0.0,76.5,662.9999999999999
545,0.0,0.0,0.0,0.0,25.500000000000004,76.5,662.9999999999999
546,0.0,25.500000000000004,0.0,0.0,25.500000000000004,25.500000000000004,1045.5
547,0.0,0.0,25.500000000000004,0.0,0.0,51.00000000000001,535.5
548,0.0,0.0,0.0,0.0,102.00000000000001,51.00000000000001,433.50000000000006
549,0.0,0.0,0.0,0.0,76.5,127.5,841.5
550,0.0,0.0,0.0,0.0,0.0,25.500000000000004,25.500000000000004
551,0.0,0.0,0.0,0.0,0.0,25.500000000000004,127.5
552,0.0,0.0,25.500000000000004,25.500000000000004,0.0,51.00000000000001,561.0
553,0.0,0.0,0.0,0.0,0.0,51.00000000000001,153.0
554,0.0,0.0,0.0,0.0,0.0,0.0,51.00000000000001
555,0.0,0.0,0.0,0.0,0.0,0.0,0.0
556,0.0,0.0,0.0,0.0,0.0,0.0,127.5
557,0.0,0.0,0.0,0.0,51.00000000000001,25.500000000000004,204.00000000000003
558,0.0,0.0,0.0,0.0,0.0,25.500000000000004,102.00000000000001
559,0.0,0.0,25.500000000000004,25.500000000000004,51.00000000000001,51.00000000000001,918.0000000000001
560,0.0,0.0,0.0,0.0,0.0,0.0,51.00000000000001
561,0.0,0.0,0.0,0.0,25.500000000000004,0.0,535.5
562,0.0,0.0,0.0,0.0,0.0,0.0,102.00000000000001
563,0.0,0.0,0.0,0.0,0.0,25.500000000000004,255.0
564,0.0,0.0,0.0,0.0,0.0,51.00000000000001,127.5
565,0.0,0.0,0.0,0.0,51.00000000000001,51.00000000000001,637.5
566,0.0,0.0,25.500000000000004,0.0,0.0,51.00000000000001,586.5
567,0.0,0.0,0.0,0.0,0.0,25.500000000000004,25.500000000000004
568,0.0,0.0,0.0,0.0,51.00000000000001,127.5,459.00000000000006
569,0.0,0.0,0.0,0.0,0.0,102.00000000000001,637.5
570,0.0,0.0,0.0,25.500000000000004,0.0,51.00000000000001,510.0
571,0.0,0.0,0.0,0.0,25.500000000000004,51.00000000000001,790.5
572,0.0,0.0,0.0,0.0,0.0,51.00000000000001,459.00000000000006
573,0.0,0.0,0.0,25.500000000000004,51.00000000000001,76.5,510.0
574,0.0,0.0,0.0,25.500000000000004,0.0,25.500000000000004,153.0
575,0.0,0.0,0.0,0.0,0.0,0.0,127.5
576,0.0,0.0,0.0,0.0,76.5,25.500000000000004,612.0
577,0.0,0.0,0.0,0.0,0.0,76.5,459.00000000000006
578,0.0,0.0,0.0,0.0,25.500000000000004,0.0,459.00000000000006
579,0.0,0.0,25.500000000000004,25.500000000000004,0.0,0.0,331.49999999999994
580,0.0,0.0,0.0,0.0,0.0,0.0,76.5
581,0.0,0.0,0.0,0.0,0.0,0.0,0.0
582,0.0,0.0,0.0,0.0,25.500000000000004,0.0,178.49999999999997
583,0.0,0.0,25.500000000000004,0.0,0.0,25.500000000000004,153.0
584,0.0,0.0,0.0,0.0,0.0,102.00000000000001,790.5
585,0.0,0.0,0.0,0.0,25.500000000000004,51.00000000000001,764.9999999999999
586,0.0,0.0,0.0,0.0,0.0,0.0,0.0
587,0.0,0.0,0.0,0.0,0.0,0.0,25.500000000000004
588,0.0,0.0,0.0,0.0,0.0,51.00000000000001,306.0
589,0.0,0.0,0.0,0.0,0.0,0.0,25.500000000000004
590,0.0,0.0,0.0,0.0,0.0,0.0,25.500000000000004
591,0.0,0.0,0.0,0.0,0.0,0.0,25.500000000000004
592,0.0,0.0,0.0,0.0,0.0,0.0,0.0
593,0.0,0.0,0.0,25.500000000000004,25.500000000000004,0.0,102.00000000000001
594,0.0,0.0,0.0,0.0,0.0,51.00000000000001,306.0
595,0.0,0.0,0.0,0.0,25.500000000000004,102.00000000000001,662.9999999999999
596,0.0,0.0,0.0,0.0,0.0,0.0,331.49999999999994
597,0.0,0.0,0.0,0.0,25.500000000000004,25.500000000000004,51.00000000000001
598,0.0,0.0,0.0,0.0,0.0,0.0,51.00000000000001
599,0.0,0.0,0.0,25.500000000000004,25.500000000000004,102.00000000000001,459.00000000000006
600,0.0,0.0,0.0,0.0,0.0,76.5,229.50000000000003
601,0.0,0.0,0.0,0.0,0.0,0.0,433.50000000000006
602,0.0,0.0,25.500000000000004,0.0,51.00000000000001,76.5,1045.5
603,25.500000000000004,0.0,0.0,0.0,25.500000000000004,25.500000000000004,510.0
604,0.0,0.0,0.0,25.500000000000004,51.00000000000001,102.00000000000001,764.9999999999999
605,0.0,0.0,0.0,0.0,25.500000000000004,0.0,0.0
606,0.0,0.0,0.0,0.0,25.500000000000004,51.00000000000001,356.99999999999994
607,0.0,0.0,0.0,25.500000000000004,0.0,25.500000000000004,255.0
608,0.0,0.0,25.500000000000004,0.0,25.500000000000004,51.00000000000001,561.0
609,0.0,0.0,0.0,0.0,25.500000000000004,0.0,127.5
610,0.0,0.0,0.0,25.500000000000004,51.00000000000001,25.500000000000004,662.9999999999999
611,0.0,0.0,0.0,25.500000000000004,25.500000000000004,76.5,382.49999999999994
612,0.0,0.0,0.0,0.0,25.500000000000004,0.0,76.5
613,0.0,0.0,0.0,0.0,25.500000000000004,0.0,127.5
614,0.0,0.0,25.500000000000004,25.500000000000004,25.500000000000004,102.00000000000001,790.5
615,0.0,0.0,0.0,0.0,0.0,0.0,0.0
616,0.0,0.0,0.0,0.0,51.00000000000001,51.00000000000001,127.5
617,0.0,0.0,0.0,0.0,0.0,25.500000000000004,51.00000000000001
618,0.0,0.0,0.0,0.0,0.0,25.500000000000004,25.500000000000004
619,0.0,0.0,0.0,25.500000000000004,0.0,102.00000000000001,459.00000000000006
620,0.0,25.500000000000004,0.0,0.0,25.500000000000004,76.5,408.00000000000006
621,0.0,0.0,0.0,0.0,51.00000000000001,153.0,561.0
622,0.0,0.0,0.0,25.500000000000004,0.0,0.0,204.00000000000003
623,0.0,0.0,0.0,0.0,0.0,51.00000000000001,306.0
624,0.0,0.0,0.0,0.0,0.0,0.0,382.49999999999994
625,0.0,0.0,0.0,0.0,0.0,0.0,535.5
626,0.0,0.0,0.0,25.500000000000004,0.0,102.00000000000001,331.49999999999994
627,0.0,0.0,0.0,25.500000000000004,0.0,102.00000000000001,535.5
628,0.0,0.0,0.0,0.0,25.500000000000004,76.5,204.00000000000003
629,0.0,0.0,25.500000000000004,0.0,0.0,127.5,688.5
630,0.0,0.0,0.0,25.500000000000004,76.5,102.00000000000001,1198.5
631,0.0,0.0,0.0,25.500000000000004,25.500000000000004,25.500000000000004,433.50000000000006
632,0.0,0.0,0.0,25.500000000000004,25.500000000000004,51.00000000000001,433.50000000000006
633,0.0,0.0,0.0,25.500000000000004,0.0,51.00000000000001,382.49999999999994
634,25.500000000000004,0.0,0.0,0.0,25.500000000000004,102.00000000000001,1020.0
635,0.0,0.0,0.0,0.0,0.0,0.0,51.00000000000001
636,0.0,0.0,0.0,0.0,0.0,25.500000000000004,280.5
637,0.0,0.0,0.0,0.0,0.0,25.500000000000004,331.49999999999994
638,0.0,0.0,0.0,0.0,0.0,25.500000000000004,382.49999999999994
639,0.0,0.0,0.0,25.500000000000004,0.0,76.5,459.00000000000006
640,25.500000000000004,0.0,0.0,0.0,0.0,102.00000000000001,586.5
641,0.0,0.0,0.0,0.0,0.0,0.0,127.5
642,0.0,0.0,0.0,0.0,0.0,0.0,51.00000000000001
643,0.0,0.0,0.0,0.0,51.00000000000001,25.500000000000004,433.50000000000006
644,0.0,0.0,0.0,0.0,0.0,25.500000000000004,204.00000000000003
645,25.500000000000004,0.0,0.0,25.500000000000004,51.00000000000001,51.00000000000001,255.0
646,0.0,0.0,51.00000000000001,0.0,0.0,0.0,841.5
647,0.0,0.0,0.0,0.0,25.500000000000004,76.5,713.9999999999999
648,0.0,0.0,0.0,0.0,0.0,0.0,25.500000000000004
649,0.0,0.0,0.0,0.0,0.0,0.0,76.5
650,0.0,0.0,0.0,0.0,0.0,25.500000000000004,153.0
651,0.0,0.0,25.500000000000004,25.500000000000004,0.0,102.00000000000001,280.5
652,0.0,0.0,0.0,25.500000000000004,51.00000000000001,102.00000000000001,688.5
653,0.0,0.0,25.500000000000004,25.500000000000004,25.500000000000004,51.00000000000001,1096.5
654,25.500000000000004,0.0,0.0,0.0,25.500000000000004,0.0,280.5
655,0.0,0.0,0.0,25.500000000000004,0.0,51.00000000000001,306.0
656,0.0,0.0,0.0,0.0,0.0,25.500000000000004,178.49999999999997
657,0.0,0.0,0.0,25.500000000000004,51.00000000000001,102.00000000000001,204.00000000000003
658,0.0,0.0,0.0,0.0,0.0,0.0,51.00000000000001
659,0.0,0.0,0.0,0.0,0.0,0.0,0.0
660,0.0,0.0,0.0,25.500000000000004,25.500000000000004,0.0,127.5
661,0.0,0.0,0.0,0.0,0.0,0.0,0.0
662,0.0,0.0,0.0,25.500000000000004,102.00000000000001,127.5,612.0
663,0.0,0.0,0.0,0.0,0.0,25.500000000000004,331.49999999999994
664,0.0,0.0,0.0,0.0,25.500000000000004,0.0,51.00000000000001
665,0.0,0.0,0.0,0.0,0.0,0.0,0.0
666,0.0,0.0,0.0,51.00000000000001,51.00000000000001,51.00000000000001,459.00000000000006
667,0.0,0.0,25.500000000000004,0.0,25.500000000000004,0.0,433.50000000000006
668,0.0,0.0,0.0,25.500000000000004,51.00000000000001,51.00000000000001,178.49999999999997
669,0.0,0.0,0.0,51.00000000000001,0.0,127.5,688.5
670,0.0,0.0,0.0,25.500000000000004,0.0,102.00000000000001,280.5
671,0.0,0.0,0.0,0.0,0.0,25.500000000000004,153.0
672,0.0,0.0,0.0,0.0,0.0,25.500000000000004,51.00000000000001
673,0.0,0.0,0.0,0.0,0.0,0.0,25.500000000000004
674,0.0,0.0,0.0,0.0,25.500000000000004,0.0,306.0
675,0.0,0.0,0.0,0.0,25.500000000000004,25.500000000000004,255.0
676,25.500000000000004,0.0,0.0,25.500000000000004,76.5,127.5,433.50000000000006
677,0.0,0.0,0.0,0.0,25.500000000000004,51.00000000000001,662.9999999999999
678,0.0,0.0,0.0,0.0,0.0,0.0,0.0
679,0.0,0.0,0.0,0.0,76.5,76.5,612.0
680,25.500000000000004,0.0,0.0,25.500000000000004,25.500000000000004,25.500000000000004,612.0
681,0.0,0.0,51.00000000000001,0.0,0.0,0.0,739.5
682,0.0,0.0,0.0,25.500000000000004,76.5,127.5,1275.0
683,0.0,0.0,0.0,0.0,25.500000000000004,102.00000000000001,713.9999999999999
684,0.0,0.0,0.0,0.0,51.00000000000001,127.5,1147.5
685,0.0,0.0,0.0,0.0,0.0,0.0,25.500000000000004
686,0.0,0.0,0.0,0.0,0.0,0.0,0.0
687,0.0,0.0,0.0,0.0,25.500000000000004,76.5,484.5
688,0.0,0.0,0.0,25.500000000000004,25.500000000000004,51.00000000000001,356.99999999999994
689,0.0,0.0,0.0,0.0,0.0,0.0,127.5
690,0.0,0.0,0.0,0.0,0.0,0.0,51.00000000000001
691,0.0,0.0,0.0,25.500000000000004,0.0,51.00000000000001,229.50000000000003
692,0.0,0.0,0.0,0.0,25.500000000000004,0.0,178.49999999999997
693,0.0,0.0,0.0,0.0,25.500000000000004,25.500000000000004,356.99999999999994
694,0.0,0.0,0.0,0.0,0.0,0.0,280.5
695,0.0,0.0,0.0,0.0,0.0,0.0,0.0
696,0.0,0.0,0.0,0.0,0.0,0.0,255.0
697,0.0,0.0,0.0,0.0,0.0,0.0,25.500000000000004
698,0.0,25.500000000000004,0.0,0.0,25.500000000000004,0.0,510.0
699,0.0,0.0,0.0,0.0,0.0,0.0,280.5
700,0.0,0.0,0.0,0.0,0.0,0.0,76.5
701,0.0,0.0,0.0,0.0,0.0,0.0,153.0
702,0.0,0.0,0.0,0.0,0.0,0.0,76.5
703,0.0,0.0,0.0,0.0,0.0,51.00000000000001,280.5
704,0.0,0.0,0.0,25.500000000000004,0.0,51.00000000000001,331.49999999999994
705,0.0,0.0,0.0,0.0,25.500000000000004,25.500000000000004,484.5
706,0.0,0.0,0.0,0.0,0.0,0.0,76.5
707,0.0,0.0,0.0,0.0,51.00000000000001,102.00000000000001,510.0
708,0.0,0.0,0.0,0.0,0.0,0.0,0.0
709,0.0,0.0,0.0,25.500000000000004,25.500000000000004,51.00000000000001,382.49999999999994
710,0.0,0.0,0.0,0.0,0.0,0.0,153.0
711,0.0,0.0,0.0,0.0,0.0,127.5,433.50000000000006
712,0.0,0.0,0.0,0.0,25.500000000000004,0.0,0.0
713,0.0,0.0,0.0,0.0,25.500000000000004,51.00000000000001,255.0
714,0.0,0.0,0.0,0.0,0.0,0.0,255.0
715,0.0,0.0,0.0,0.0,51.00000000000001,51.00000000000001,382.49999999999994
716,0.0,0.0,25.500000000000004,0.0,0.0,76.5,484.5
717,0.0,0.0,0.0,0.0,25.500000000000004,0.0,102.00000000000001
718,0.0,0.0,0.0,0.0,0.0,0.0,0.0
719,0.0,0.0,25.500000000000004,0.0,25.500000000000004,51.00000000000001,356.99999999999994
720,0.0,0.0,0.0,0.0,0.0,0.0,25.500000000000004
721,0.0,0.0,0.0,0.0,25.500000000000004,0.0,25.500000000000004
722,0.0,0.0,0.0,0.0,0.0,0.0,229.50000000000003
723,25.500000000000004,25.500000000000004,25.500000000000004,51.00000000000001,0.0,25.500000000000004,510.0
724,25.500000000000004,0.0,0.0,0.0,0.0,25.500000000000004,127.5
725,0.0,0.0,0.0,0.0,0.0,127.5,510.0
726,0.0,0.0,0.0,0.0,0.0,0.0,0.0
727,25.500000000000004,0.0,0.0,0.0,0.0,0.0,127.5
728,0.0,0.0,0.0,0.0,0.0,204.00000000000003,1147.5
729,0.0,0.0,25.500000000000004,25.500000000000004,0.0,25.500000000000004,280.5
730,0.0,0.0,0.0,0.0,0.0,0.0,127.5
731,25.500000000000004,0.0,0.0,0.0,51.00000000000001,51.00000000000001,816.0000000000001
732,25.500000000000004,0.0,25.500000000000004,25.500000000000004,25.500000000000004,76.5,561.0
733,25.500000000000004,0.0,25.500000000000004,0.0,76.5,102.00000000000001,510.0
734,0.0,0.0,0.0,0.0,0.0,0.0,662.9999999999999
735,0.0,0.0,0.0,0.0,25.500000000000004,76.5,612.0
736,0.0,0.0,0.0,0.0,0.0,25.500000000000004,51.00000000000001
737,0.0,25.500000000000004,0.0,0.0,0.0,51.00000000000001,1224.0
738,25.500000000000004,0.0,0.0,0.0,51.00000000000001,153.0,739.5
739,0.0,0.0,0.0,0.0,0.0,25.500000000000004,510.0
740,0.0,0.0,0.0,0.0,25.500000000000004,51.00000000000001,943.5
741,0.0,0.0,0.0,25.500000000000004,25.500000000000004,25.500000000000004,408.00000000000006
742,0.0,0.0,0.0,0.0,0.0,0.0,25.500000000000004
743,25.500000000000004,0.0,0.0,0.0,0.0,0.0,662.9999999999999
744,0.0,0.0,0.0,0.0,0.0,25.500000000000004,331.49999999999994
745,0.0,0.0,0.0,0.0,0.0,0.0,51.00000000000001
746,0.0,0.0,25.500000000000004,0.0,25.500000000000004,25.500000000000004,408.00000000000006
747,0.0,0.0,0.0,0.0,25.500000000000004,25.500000000000004,153.0
748,0.0,0.0,0.0,0.0,25.500000000000004,25.500000000000004,25.500000000000004
749,0.0,0.0,0.0,0.0,0.0,0.0,0.0
750,0.0,0.0,0.0,0.0,0.0,0.0,229.50000000000003
751,25.500000000000004,0.0,0.0,0.0,25.500000000000004,25.500000000000004,280.5
752,0.0,0.0,25.500000000000004,0.0,25.500000000000004,0.0,127.5
753,0.0,0.0,0.0,25.500000000000004,0.0,25.500000000000004,356.99999999999994
754,0.0,0.0,0.0,0.0,102.00000000000001,0.0,1020.0
755,0.0,0.0,51.00000000000001,25.500000000000004,51.00000000000001,25.500000000000004,713.9999999999999
756,0.0,0.0,0.0,0.0,0.0,0.0,25.500000000000004
757,0.0,0.0,0.0,0.0,0.0,0.0,76.5
758,0.0,0.0,0.0,25.500000000000004,0.0,0.0,382.49999999999994
759,0.0,0.0,0.0,0.0,0.0,51.00000000000001,306.0
760,0.0,0.0,0.0,0.0,0.0,0.0,25.500000000000004
761,0.0,0.0,0.0,25.500000000000004,0.0,51.00000000000001,918.0000000000001
762,0.0,0.0,0.0,0.0,0.0,0.0,255.0
763,0.0,0.0,0.0,0.0,0.0,25.500000000000004,356.99999999999994
764,0.0,0.0,0.0,0.0,0.0,0.0,102.00000000000001
765,0.0,0.0,0.0,0.0,0.0,0.0,51.00000000000001
766,0.0,0.0,0.0,0.0,0.0,25.500000000000004,382.49999999999994
767,0.0,0.0,25.500000000000004,0.0,0.0,25.500000000000004,178.49999999999997
768,0.0,0.0,0.0,0.0,0.0,76.5,586.5
769,0.0,0.0,0.0,0.0,0.0,0.0,0.0
770,0.0,0.0,0.0,0.0,0.0,0.0,25.500000000000004
771,0.0,0.0,0.0,0.0,0.0,76.5,739.5
772,0.0,0.0,0.0,0.0,0.0,51.00000000000001,612.0
773,0.0,0.0,0.0,51.00000000000001,0.0,51.00000000000001,433.50000000000006
774,0.0,0.0,0.0,0.0,0.0,51.00000000000001,127.5
775,0.0,0.0,0.0,0.0,51.00000000000001,51.00000000000001,408.00000000000006
776,0.0,25.500000000000004,0.0,0.0,0.0,25.500000000000004,204.00000000000003
777,0.0,0.0,0.0,0.0,0.0,0.0,76.5
778,0.0,0.0,0.0,25.500000000000004,25.500000000000004,51.00000000000001,280.5
779,0.0,0.0,0.0,0.0,0.0,0.0,0.0
780,0.0,0.0,0.0,0.0,0.0,0.0,25.500000000000004
781,51.00000000000001,0.0,0.0,0.0,25.500000000000004,0.0,331.49999999999994
782,0.0,0.0,0.0,0.0,25.500000000000004,25.500000000000004,51.00000000000001
783,0.0,0.0,0.0,0.0,0.0,102.00000000000001,331.49999999999994
784,25.500000000000004,0.0,0.0,25.500000000000004,0.0,25.500000000000004,331.49999999999994
785,25.500000000000004,0.0,0.0,0.0,0.0,0.0,612.0
786,0.0,0.0,25.500000000000004,25.500000000000004,51.00000000000001,51.00000000000001,612.0
787,0.0,0.0,0.0,0.0,0.0,0.0,0.0
788,25.500000000000004,0.0,0.0,51.00000000000001,127.5,178.49999999999997,1147.5
789,0.0,0.0,0.0,0.0,0.0,0.0,204.00000000000003
790,0.0,0.0,25.500000000000004,0.0,51.00000000000001,102.00000000000001,1071.0
791,0.0,0.0,0.0,0.0,25.500000000000004,0.0,331.49999999999994
792,0.0,0.0,0.0,0.0,0.0,0.0,25.500000000000004
793,0.0,0.0,0.0,0.0,0.0,25.500000000000004,586.5
794,0.0,0.0,25.500000000000004,0.0,25.500000000000004,25.500000000000004,280.5
795,0.0,0.0,0.0,0.0,0.0,76.5,356.99999999999994
796,25.500000000000004,0.0,0.0,0.0,51.00000000000001,51.00000000000001,280.5
797,0.0,25.500000000000004,0.0,0.0,51.00000000000001,102.00000000000001,943.5
798,0.0,0.0,0.0,0.0,25.500000000000004,0.0,76.5
799,0.0,0.0,0.0,0.0,0.0,25.500000000000004,102.00000000000001
800,0.0,25.500000000000004,25.500000000000004,0.0,0.0,51.00000000000001,662.9999999999999
801,0.0,0.0,0.0,25.500000000000004,0.0,51.00000000000001,356.99999999999994
802,0.0,0.0,0.0,0.0,25.500000000000004,51.00000000000001,713.9999999999999
803,0.0,0.0,0.0,0.0,0.0,0.0,25.500000000000004
804,0.0,0.0,25.500000000000004,0.0,0.0,0.0,229.50000000000003
805,0.0,0.0,0.0,0.0,0.0,51.00000000000001,356.99999999999994
806,51.00000000000001,0.0,0.0,76.5,51.00000000000001,102.00000000000001,867.0000000000001
807,0.0,25.500000000000004,25.500000000000004,0.0,0.0,51.00000000000001,510.0
808,25.500000000000004,0.0,0.0,0.0,51.00000000000001,76.5,816.0000000000001
809,0.0,0.0,25.500000000000004,25.500000000000004,25.500000000000004,102.00000000000001,433.50000000000006
810,0.0,0.0,0.0,0.0,25.500000000000004,25.500000000000004,280.5
811,0.0,0.0,0.0,0.0,51.00000000000001,25.500000000000004,433.50000000000006
812,0.0,0.0,0.0,0.0,0.0,25.500000000000004,408.00000000000006
813,0.0,0.0,0.0,0.0,0.0,25.500000000000004,255.0
814,0.0,0.0,25.500000000000004,0.0,0.0,0.0,306.0
815,0.0,0.0,0.0,0.0,0.0,51.00000000000001,612.0
816,0.0,0.0,0.0,0.0,51.00000000000001,0.0,102.00000000000001
817,0.0,0.0,0.0,0.0,0.0,0.0,76.5
818,0.0,0.0,0.0,0.0,0.0,25.500000000000004,331.49999999999994
819,0.0,0.0,0.0,0.0,0.0,0.0,51.00000000000001
820,0.0,0.0,0.0,25.500000000000004,51.00000000000001,102.00000000000001,306.0
821,0.0,0.0,25.500000000000004,0.0,0.0,25.500000000000004,306.0
822,0.0,0.0,0.0,0.0,0.0,0.0,0.0
823,0.0,0.0,0.0,25.500000000000004,0.0,0.0,51.00000000000001
824,0.0,0.0,0.0,25.500000000000004,76.5,102.00000000000001,1020.0
825,0.0,0.0,0.0,0.0,0.0,0.0,51.00000000000001
826,0.0,0.0,0.0,0.0,0.0,0.0,102.00000000000001
827,0.0,0.0,0.0,0.0,25.500000000000004,76.5,764.9999999999999
828,25.500000000000004,0.0,0.0,0.0,0.0,0.0,51.00000000000001
829,0.0,0.0,0.0,0.0,0.0,0.0,25.500000000000004
830,0.0,0.0,0.0,0.0,25.500000000000004,25.500000000000004,867.0000000000001
831,25.500000000000004,0.0,0.0,0.0,25.500000000000004,0.0,280.5
832,0.0,0.0,0.0,0.0,0.0,0.0,0.0
833,0.0,0.0,0.0,25.500000000000004,25.500000000000004,51.00000000000001,484.5
834,0.0,0.0,25.500000000000004,0.0,0.0,0.0,356.99999999999994
835,0.0,0.0,0.0,0.0,51.00000000000001,51.00000000000001,229.50000000000003
836,0.0,0.0,25.500000000000004,0.0,0.0,25.500000000000004,688.5
837,0.0,0.0,0.0,0.0,0.0,25.500000000000004,612.0
838,25.500000000000004,0.0,0.0,0.0,0.0,0.0,229.50000000000003
839,0.0,0.0,0.0,25.500000000000004,0.0,25.500000000000004,433.50000000000006
840,0.0,0.0,0.0,0.0,0.0,51.00000000000001,790.5
841,0.0,0.0,25.500000000000004,25.500000000000004,0.0,25.500000000000004,510.0
842,0.0,0.0,0.0,0.0,51.00000000000001,102.00000000000001,1325.9999999999998
843,0.0,0.0,0.0,0.0,76.5,127.5,688.5
844,0.0,0.0,0.0,0.0,102.00000000000001,25.500000000000004,459.00000000000006
845,0.0,0.0,25.500000000000004,0.0,51.00000000000001,51.00000000000001,841.5
846,0.0,0.0,0.0,0.0,0.0,0.0,51.00000000000001
847,0.0,0.0,25.500000000000004,25.500000000000004,25.500000000000004,76.5,994.5
848,51.00000000000001,0.0,0.0,0.0,51.00000000000001,127.5,1096.5
849,0.0,0.0,0.0,0.0,25.500000000000004,0.0,561.0
850,0.0,0.0,25.500000000000004,0.0,51.00000000000001,76.5,1453.5
851,0.0,0.0,0.0,25.500000000000004,0.0,51.00000000000001,229.50000000000003
852,0.0,0.0,0.0,0.0,0.0,0.0,25.500000000000004
853,0.0,0.0,0.0,0.0,0.0,0.0,153.0
854,0.0,0.0,0.0,0.0,0.0,25.500000000000004,484.5
855,0.0,0.0,0.0,0.0,76.5,25.500000000000004,662.9999999999999
856,0.0,0.0,25.500000000000004,0.0,25.500000000000004,0.0,102.00000000000001
857,0.0,0.0,25.500000000000004,25.500000000000004,0.0,0.0,204.00000000000003
858,0.0,0.0,0.0,0.0,0.0,76.5,459.00000000000006
859,0.0,0.0,0.0,0.0,25.500000000000004,51.00000000000001,306.0
860,0.0,0.0,0.0,0.0,0.0,0.0,459.00000000000006
861,0.0,0.0,0.0,0.0,0.0,127.5,433.50000000000006
862,25.500000000000004,0.0,25.500000000000004,0.0,0.0,102.00000000000001,739.5
863,0.0,0.0,0.0,0.0,25.500000000000004,25.500000000000004,892.5
864,0.0,0.0,0.0,0.0,0.0,76.5,662.9999999999999
865,0.0,0.0,0.0,0.0,0.0,0.0,433.50000000000006
866,0.0,0.0,25.500000000000004,0.0,51.00000000000001,25.500000000000004,918.0000000000001
867,0.0,0.0,0.0,0.0,76.5,25.500000000000004,331.49999999999994
868,0.0,0.0,0.0,0.0,25.500000000000004,51.00000000000001,510.0
869,0.0,0.0,0.0,0.0,0.0,51.00000000000001,229.50000000000003
870,0.0,0.0,0.0,0.0,0.0,25.500000000000004,306.0
871,0.0,0.0,0.0,0.0,0.0,0.0,331.49999999999994
872,0.0,0.0,0.0,0.0,0.0,25.500000000000004,280.5
873,0.0,0.0,0.0,25.500000000000004,25.500000000000004,25.500000000000004,127.5
874,0.0,0.0,0.0,0.0,25.500000000000004,25.500000000000004,204.00000000000003
875,0.0,0.0,0.0,25.500000000000004,0.0,51.00000000000001,153.0
876,0.0,0.0,0.0,0.0,0.0,0.0,25.500000000000004
877,0.0,0.0,0.0,0.0,0.0,25.500000000000004,561.0
878,0.0,0.0,0.0,25.500000000000004,0.0,102.00000000000001,612.0
879,0.0,0.0,0.0,0.0,0.0,0.0,127.5
880,0.0,0.0,0.0,0.0,0.0,127.5,892.5
881,25.500000000000004,0.0,0.0,25.500000000000004,25.500000000000004,0.0,586.5
882,0.0,0.0,0.0,0.0,25.500000000000004,25.500000000000004,255.0
883,0.0,0.0,0.0,0.0,76.5,25.500000000000004,255.0
884,0.0,0.0,0.0,25.500000000000004,0.0,0.0,204.00000000000003
885,0.0,0.0,0.0,0.0,0.0,25.500000000000004,612.0
886,0.0,0.0,0.0,0.0,0.0,25.500000000000004,102.00000000000001
887,0.0,25.500000000000004,0.0,0.0,0.0,102.00000000000001,1224.0
888,0.0,0.0,0.0,0.0,25.500000000000004,0.0,127.5
889,0.0,0.0,0.0,0.0,0.0,51.00000000000001,331.49999999999994
890,0.0,0.0,0.0,0.0,0.0,25.500000000000004,382.49999999999994
891,0.0,0.0,0.0,51.00000000000001,51.00000000000001,25.500000000000004,612.0
892,0.0,0.0,0.0,0.0,51.00000000000001,51.00000000000001,662.9999999999999
893,0.0,0.0,0.0,0.0,0.0,51.00000000000001,561.0
894,0.0,0.0,0.0,25.500000000000004,76.5,102.00000000000001,764.9999999999999
895,0.0,0.0,0.0,0.0,51.00000000000001,153.0,688.5
896,0.0,0.0,0.0,0.0,0.0,0.0,25.500000000000004
897,0.0,0.0,0.0,0.0,0.0,0.0,255.0
898,0.0,0.0,0.0,0.0,0.0,25.500000000000004,255.0
899,0.0,0.0,0.0,0.0,0.0,76.5,356.99999999999994
900,0.0,0.0,25.500000000000004,51.00000000000001,51.00000000000001,51.00000000000001,841.5
901,0.0,0.0,0.0,0.0,0.0,0.0,51.00000000000001
902,0.0,0.0,0.0,25.500000000000004,51.00000000000001,51.00000000000001,688.5
903,25.500000000000004,0.0,0.0,25.500000000000004,0.0,51.00000000000001,356.99999999999994
904,0.0,0.0,0.0,0.0,0.0,0.0,76.5
905,0.0,0.0,25.500000000000004,0.0,0.0,102.00000000000001,612.0
906,0.0,0.0,0.0,0.0,51.00000000000001,51.00000000000001,586.5
907,25.500000000000004,0.0,0.0,0.0,0.0,51.00000000000001,459.00000000000006
908,0.0,0.0,0.0,0.0,0.0,0.0,51.00000000000001
909,0.0,0.0,0.0,0.0,51.00000000000001,51.00000000000001,433.50000000000006
910,0.0,0.0,0.0,0.0,0.0,0.0,0.0
911,0.0,25.500000000000004,0.0,25.500000000000004,0.0,76.5,841.5
912,0.0,0.0,0.0,0.0,0.0,0.0,0.0
913,25.500000000000004,0.0,0.0,25.500000000000004,25.500000000000004,76.5,280.5
914,0.0,0.0,0.0,0.0,25.500000000000004,25.500000000000004,102.00000000000001
915,0.0,0.0,0.0,0.0,0.0,25.500000000000004,356.99999999999994
916,0.0,0.0,0.0,0.0,0.0,25.500000000000004,255.0
917,0.0,0.0,0.0,0.0,51.00000000000001,0.0,229.50000000000003
918,0.0,0.0,0.0,0.0,0.0,0.0,76.5
919,0.0,0.0,0.0,0.0,25.500000000000004,102.00000000000001,586.5
920,0.0,0.0,0.0,0.0,0.0,76.5,331.49999999999994
921,0.0,0.0,0.0,0.0,25.500000000000004,0.0,76.5
922,0.0,0.0,0.0,0.0,0.0,0.0,51.00000000000001
923,25.500000000000004,0.0,0.0,0.0,25.500000000000004,25.500000000000004,535.5
924,0.0,0.0,0.0,25.500000000000004,0.0,51.00000000000001,459.00000000000006
925,0.0,0.0,0.0,0.0,76.5,51.00000000000001,739.5
926,0.0,0.0,0.0,0.0,0.0,0.0,0.0
927,0.0,0.0,0.0,0.0,25.500000000000004,51.00000000000001,331.49999999999994
928,0.0,0.0,0.0,0.0,0.0,0.0,204.00000000000003
929,0.0,0.0,0.0,0.0,25.500000000000004,0.0,356.99999999999994
930,0.0,0.0,0.0,0.0,0.0,0.0,25.500000000000004
931,0.0,0.0,0.0,0.0,0.0,102.00000000000001,306.0
932,0.0,0.0,0.0,0.0,0.0,0.0,0.0
933,0.0,0.0,0.0,0.0,0.0,0.0,25.500000000000004
934,0.0,0.0,0.0,0.0,0.0,153.0,764.9999999999999
935,0.0,0.0,0.0,0.0,0.0,102.00000000000001,229.50000000000003
936,0.0,0.0,0.0,0.0,25.500000000000004,0.0,255.0
937,0.0,0.0,0.0,0.0,0.0,25.500000000000004,612.0
938,0.0,0.0,0.0,0.0,0.0,0.0,0.0
939,0.0,0.0,0.0,25.500000000000004,51.00000000000001,102.00000000000001,662.9999999999999
940,25.500000000000004,0.0,0.0,0.0,25.500000000000004,102.00000000000001,382.49999999999994
941,0.0,0.0,0.0,0.0,0.0,0.0,25.500000000000004
942,0.0,0.0,0.0,25.500000000000004,25.500000000000004,25.500000000000004,127.5
943,0.0,0.0,0.0,0.0,0.0,25.500000000000004,102.00000000000001
944,0.0,0.0,25.500000000000004,0.0,25.500000000000004,0.0,102.00000000000001
945,0.0,0.0,0.0,0.0,25.500000000000004,25.500000000000004,331.49999999999994
946,0.0,0.0,0.0,0.0,0.0,0.0,0.0
947,0.0,0.0,0.0,0.0,0.0,0.0,25.500000000000004
948,0.0,0.0,0.0,0.0,0.0,0.0,102.00000000000001
949,0.0,0.0,0.0,0.0,0.0,0.0,0.0
950,0.0,0.0,0.0,0.0,0.0,0.0,25.500000000000004
951,0.0,0.0,25.500000000000004,0.0,51.00000000000001,51.00000000000001,994.5
952,0.0,0.0,0.0,0.0,0.0,0.0,127.5
953,0.0,0.0,0.0,0.0,0.0,25.500000000000004,0.0
954,0.0,0.0,25.500000000000004,0.0,0.0,25.500000000000004,204.00000000000003
955,0.0,0.0,0.0,25.500000000000004,51.00000000000001,51.00000000000001,892.5
956,0.0,0.0,0.0,0.0,0.0,0.0,51.00000000000001
957,0.0,0.0,0.0,0.0,25.500000000000004,76.5,408.00000000000006
958,0.0,0.0,0.0,51.00000000000001,0.0,102.00000000000001,790.5
959,0.0,25.500000000000004,51.00000000000001,0.0,25.500000000000004,25.500000000000004,586.5
960,0.0,0.0,0.0,0.0,76.5,51.00000000000001,459.00000000000006
961,0.0,0.0,25.500000000000004,25.500000000000004,0.0,51.00000000000001,356.99999999999994
962,0.0,0.0,25.500000000000004,25.500000000000004,51.00000000000001,76.5,943.5
963,0.0,0.0,0.0,0.0,25.500000000000004,25.500000000000004,255.0
964,0.0,0.0,0.0,0.0,0.0,102.00000000000001,408.00000000000006
965,0.0,0.0,0.0,0.0,25.500000000000004,51.00000000000001,356.99999999999994
966,0.0,0.0,0.0,0.0,51.00000000000001,51.00000000000001,867.0000000000001
967,0.0,25.500000000000004,0.0,0.0,51.00000000000001,306.0,1300.5
968,0.0,0.0,0.0,25.500000000000004,25.500000000000004,51.00000000000001,408.00000000000006
969,0.0,0.0,0.0,0.0,25.500000000000004,0.0,153.0
970,0.0,0.0,0.0,0.0,76.5,51.00000000000001,433.50000000000006
971,0.0,0.0,0.0,0.0,0.0,25.500000000000004,280.5
972,0.0,0.0,0.0,0.0,51.00000000000001,0.0,433.50000000000006
973,0.0,25.500000000000004,0.0,51.00000000000001,0.0,51.00000000000001,867.0000000000001
974,0.0,0.0,0.0,25.500000000000004,25.500000000000004,51.00000000000001,586.5
975,0.0,0.0,0.0,0.0,51.00000000000001,0.0,586.5
976,0.0,0.0,0.0,0.0,0.0,0.0,229.50000000000003
977,0.0,0.0,25.500000000000004,25.500000000000004,25.500000000000004,102.00000000000001,535.5
978,0.0,0.0,0.0,25.500000000000004,76.5,25.500000000000004,484.5
979,0.0,0.0,0.0,0.0,0.0,25.500000000000004,25.500000000000004
980,25.500000000000004,0.0,25.500000000000004,0.0,127.5,153.0,1453.5
981,0.0,0.0,0.0,0.0,25.500000000000004,102.00000000000001,943.5
982,0.0,0.0,0.0,0.0,25.500000000000004,25.500000000000004,76.5
983,0.0,0.0,0.0,0.0,0.0,25.500000000000004,51.00000000000001
984,0.0,0.0,25.500000000000004,0.0,0.0,51.00000000000001,178.49999999999997
985,0.0,0.0,25.500000000000004,25.500000000000004,0.0,76.5,612.0
986,0.0,0.0,0.0,0.0,51.00000000000001,51.00000000000001,713.9999999999999
987,0.0,0.0,0.0,25.500000000000004,51.00000000000001,51.00000000000001,510.0
988,0.0,0.0,0.0,0.0,0.0,25.500000000000004,331.49999999999994
989,0.0,0.0,0.0,0.0,51.00000000000001,0.0,229.50000000000003
990,0.0,0.0,0.0,0.0,0.0,0.0,0.0
991,0.0,0.0,0.0,0.0,25.500000000000004,51.00000000000001,688.5
992,0.0,0.0,0.0,0.0,0.0,51.00000000000001,153.0
993,0.0,0.0,0.0,0.0,0.0,127.5,535.5
994,0.0,0.0,0.0,0.0,0.0,25.500000000000004,76.5
995,0.0,0.0,0.0,0.0,25.500000000000004,0.0,356.99999999999994
996,0.0,0.0,0.0,0.0,0.0,0.0,25.500000000000004
997,0.0,0.0,0.0,0.0,0.0,0.0,51.00000000000001
998,0.0,0.0,0.0,0.0,25.500000000000004,0.0,102.00000000000001
999,0.0,0.0,0.0,0.0,51.00000000000001,25.500000000000004,459.00000000000006
