,H_Pow,ClusterSize,Mean_FracVaccinated,SD_FracVaccinated,Mean_Infections,SD_Infections,Mean_Deaths,SD_Deaths,Contain_Day,Peak_Day,reff,SD_reff,reff30,SD_reff30
0,-1.85,1.0,0.3950713173729466,9.545838886954626e-06,124836.04166666669,87546.32892140736,145.875,123.17702621525672,2.0,0.0,1.6423508598784078,0.3372383035216887,1.6963009883593287,0.9565862766779876
1,-1.644,1.0,0.4421985678048294,9.682357589858975e-06,76629.875,69978.42699357196,98.625,111.59093706050932,2.0,0.0,1.4822027358995242,0.4403775625825862,1.3516326912340872,1.38405276016771
2,-1.439,1.0,0.4835972037196107,8.203745529371854e-06,55198.25,52054.37278890995,75.77083333333333,86.42429711143548,2.0,0.0,1.4129634098885206,0.4459858132248054,1.1347027574761972,0.8511262685669905
3,-1.233,1.0,0.520357805542169,9.646222557915684e-06,43503.85416666666,42310.9404593274,76.35416666666667,94.54425724502882,2.0,0.0,1.4039129589057744,0.381275653256258,1.1665568153384287,1.0192843794084443
4,-1.028,1.0,0.5527205848738901,7.244830568502228e-06,34622.916666666664,35121.61684461782,51.333333333333336,66.84447918237616,2.0,0.0,1.369307137362986,0.3369124848079439,1.0865232466076344,0.7701234017917137
5,-0.822,1.0,0.5814992401585696,5.966526740787803e-06,23127.75,30077.602347219214,37.0625,52.30491871016143,2.0,0.0,1.2574223836837022,0.350908454606141,0.9143573889824202,0.756260559725956
6,-0.617,1.0,0.6068492985821357,6.408816642869772e-06,22078.541666666668,23744.720918292314,35.895833333333336,53.784534510231374,2.0,0.0,1.3242129003861216,0.35151465208698,1.149870386760026,1.312199617028459
7,-0.411,1.0,0.6294628195083788,5.039128136879288e-06,12565.458333333334,18472.17867664929,22.729166666666668,40.75340454820313,2.0,0.0,1.2072776364560416,0.3772168529732688,1.064871846986896,1.1680641711916917
8,-0.206,1.0,0.6494133147405078,4.209253678767404e-06,16943.458333333332,19686.383306751766,25.8125,32.945251974443515,2.0,0.0,1.2118824743760714,0.3899270658979538,1.1023167528464817,0.960237236773906
9,0.0,1.0,0.667232641150027,3.766841123039286e-06,10023.354166666666,17233.047425013032,20.041666666666668,28.708333976675,2.0,0.0,1.038877351524655,0.4232011813226463,0.8524020260147522,1.110425907410095
10,0.206,1.0,0.6830628461310063,4.9984363953322125e-06,11879.583333333334,14711.611954193875,21.104166666666668,37.23030085049596,2.0,0.0,1.2188174474285602,0.424114672803964,1.2338223241042796,1.5337268151426977
11,0.411,1.0,0.6970824688598545,4.311483075807089e-06,9785.916666666666,14453.192514640088,17.9375,31.44492398910913,2.0,0.0,1.0405864170695838,0.4291314835709602,0.8844665893138636,0.8602186834828246
12,0.617,1.0,0.7096370697938833,3.7202224017321175e-06,8484.875,12361.898712223645,14.75,26.60467084250993,2.0,0.0,,,0.7876803347501475,1.0201435333957634
13,0.822,1.0,0.720772177357952,4.318289563040562e-06,6952.229166666667,9958.150986705554,15.3125,30.470185113501756,2.0,0.0,1.044803744761916,0.3822517429793119,0.7517013733473403,0.8887433688590101
14,1.028,1.0,0.7307626642729367,5.041581987882595e-06,6365.270833333333,11521.6869161236,18.4375,35.076758535556024,2.0,0.0,1.027122339963838,0.4148973004204055,0.5307097351663875,0.7113529591369798
15,1.233,1.0,0.7396476966543707,4.089842673829368e-06,7607.833333333333,10638.370110591615,18.4375,28.10383955747578,2.0,0.0,1.062337763128368,0.3586034366332661,0.7213500492269196,0.8450536335054256
16,1.439,1.0,0.7476359345523167,2.37679846046404e-06,3186.7291666666665,5320.468531358283,6.3125,16.104916984071348,2.0,0.0,0.9488315682381456,0.378959002996667,0.8680207302852413,1.635554965260817
17,1.644,1.0,0.7547408648137183,2.2345542088372345e-06,4693.354166666667,8514.346072489063,5.770833333333333,14.966970135450296,2.0,0.0,,,0.5174415578635939,0.7334820084928791
18,1.85,1.0,0.7611660307510099,2.038143194217432e-06,5629.979166666667,7562.694753573421,6.8125,13.52642213390817,2.0,0.0,,,0.8965975447912967,1.3790995439533722
19,-1.85,2.0,0.3953085067113879,1.167167521888467e-05,140549.89583333334,83055.54808097692,174.04166666666666,150.47343136281333,2.0,0.0,1.597040604046298,0.2024824711817146,1.5461919723068178,0.704464205832348
20,-1.644,2.0,0.4423068172201532,1.2508872356341196e-05,141030.64583333334,67553.43740076541,193.70833333333331,144.25788939424515,2.0,0.0,1.607048167750434,0.1875975679817558,1.4554361344655171,0.5875744028428515
21,-1.439,2.0,0.4836028332784814,1.4471647701939657e-05,121611.875,70708.89921499846,187.875,152.59829409827006,2.0,0.0,1.5780261873047383,0.1123989730202808,1.5524898814964565,0.6015674645567557
22,-1.233,2.0,0.5202673023982073,1.1393128118837878e-05,70847.83333333333,53805.870834993984,120.35416666666669,111.67324858870458,2.0,0.0,1.4228057934566931,0.2648052503971998,1.519567595766162,0.8321423046354753
23,-1.028,2.0,0.5525344392542321,8.372731604690785e-06,56304.833333333336,40161.36390428594,86.91666666666667,77.26022161482344,2.0,0.0,1.3970041274487042,0.2300115144223504,1.3964613031028998,0.7762165798499872
24,-0.822,2.0,0.5812272048960612,7.723897427988678e-06,40570.208333333336,33433.81657935655,62.895833333333336,67.7552666032853,2.0,0.0,1.323079626962649,0.3022894400635722,1.2634026619278749,0.7455558591073638
25,-0.617,2.0,0.6065321394566384,6.486080576598963e-06,40669.0625,34538.08002856905,59.8125,54.48976333689327,2.0,0.0,1.2757396582086404,0.2963697239135849,1.2158432136395074,0.6757137950254022
26,-0.411,2.0,0.6290760942457014,6.755766114453125e-06,26269.52083333333,26634.782109904896,49.22916666666666,54.699659489131655,2.0,0.0,1.2436758747283985,0.2915141743674325,1.2730529088066895,1.0464795880023066
27,-0.206,2.0,0.648985746281531,5.958690211227583e-06,23481.58333333333,22276.24664881553,44.895833333333336,46.7170020457418,2.0,0.0,1.21481580894117,0.2714325365433988,1.174895756287226,0.731632211865365
28,0.0,2.0,0.6667439588260494,4.797028773582046e-06,18462.854166666668,17378.41325297123,30.104166666666668,36.61312378551349,2.0,0.0,1.20997251905978,0.2396868922149185,0.967801693434176,0.5171447362565663
29,0.206,2.0,0.6825441948485381,5.642556927575252e-06,15260.916666666666,17063.53239206453,31.166666666666668,42.09630970501027,2.0,0.0,1.114042816706787,0.327729154834898,1.2750632511466804,1.3153050191283129
30,0.411,2.0,0.6965393534017957,4.683625569262079e-06,15866.104166666666,12464.584195196052,31.70833333333333,34.29345098035256,2.0,0.0,1.145710159159438,0.3235494019451259,1.0642002208496006,0.8561849553064564
31,0.617,2.0,0.7090579544327641,4.222453762909148e-06,13685.833333333334,14495.926850264766,21.041666666666668,30.30550707157444,2.0,0.0,1.064347250730862,0.2975400946178091,1.0404604776073698,0.7208960760121639
32,0.822,2.0,0.7201646511233556,6.642160623915504e-06,15438.416666666666,18247.782077799628,32.770833333333336,47.00667204038228,2.0,0.0,1.1133488537925185,0.3117242121788234,1.076059873670938,0.9379498919826292
33,1.028,2.0,0.7301334985821749,4.388523455188147e-06,12802.895833333334,14649.658557112592,24.229166666666668,30.576196821330434,2.0,0.0,1.0247953656948636,0.3427586594765337,1.0365327234353996,0.9620806936997284
34,1.233,2.0,0.7389976172985916,3.405218371325836e-06,11473.75,12366.67566314597,17.895833333333332,23.37778503907788,2.0,0.0,1.031193353850613,0.3015163336867219,1.1029798599280545,1.0704684951728292
35,1.439,2.0,0.7469687348755764,4.933281914544957e-06,13013.3125,12226.921849817416,25.39583333333333,33.60201335364356,2.0,0.0,1.098022249135285,0.2708278784956385,1.0173683279715122,0.8257111445793169
36,1.644,2.0,0.7540720422901971,3.008110960537598e-06,9525.041666666666,10906.685361405407,13.6875,20.245468366073972,2.0,0.0,1.0291211224625,0.2995618944376805,0.8833895315951391,0.8788778263191072
37,1.85,2.0,0.7604780894625622,3.973049885832681e-06,9382.125,13718.0424238114,20.52083333333333,26.52737613103044,2.0,0.0,0.9771777026133398,0.2970602515774678,1.074797902182729,0.9983897315199878
38,-1.85,3.0,0.3971154606166192,1.0638402678756464e-05,58716.6875,95587.5196476487,70.04166666666667,136.54723418334245,2.0,0.0,,,0.8795639826674719,1.040859466588529
39,-1.644,3.0,0.4438770807248663,4.810737585585807e-06,22228.854166666668,44309.11873297836,23.83333333333333,55.161786546806674,2.0,0.0,,,0.7478678123683992,1.1186003652008942
40,-1.439,3.0,0.4849671218011912,5.889685700022618e-06,21515.854166666668,44716.1975460602,22.20833333333333,61.89351127209259,2.0,0.0,,,0.8902550238707856,1.830319420788352
41,-1.233,3.0,0.5214670098447977,3.5774679706508056e-06,13478.5625,26264.999298804927,19.52083333333333,34.87179533561584,2.0,0.0,,,0.6328650815334088,1.047700085884088
42,-1.028,3.0,0.5535866723182954,3.7763198219823e-06,13911.5,26548.84255921607,15.3125,34.66812641839334,2.0,0.0,,,0.6141883899327635,1.2580564343148628
43,-0.822,3.0,0.5821665767217388,3.499170618655066e-06,9516.958333333334,21182.64922651428,13.708333333333334,30.57808861825897,2.0,0.0,,,0.5886232491157506,0.9058035599942132
44,-0.617,3.0,0.6073467081859658,3.805675538845916e-06,12325.791666666666,21643.23039360269,14.25,31.87241854377837,2.0,0.0,,,0.8785561576278503,1.3067382434262973
45,-0.411,3.0,0.629806443331992,4.054647040339428e-06,6683.875,16369.83859032838,11.645833333333334,32.78199400899332,2.0,0.0,,,0.4017029511873497,0.669464484837557
46,-0.206,3.0,0.6496156767046235,3.787923280803583e-06,2690.5,8684.047369942442,5.291666666666667,29.722803290756293,2.0,0.0,,,0.4426211360686042,0.9062465513626315
47,0.0,3.0,0.6673260427137334,3.3829762060794677e-06,5579.979166666667,13712.831342399302,7.916666666666667,25.7969430263267,2.0,0.0,,,0.4851373130871145,0.9252794299671188
48,0.206,3.0,0.6830507826696413,2.2544197070698493e-06,2978.4375,8675.476228037553,5.8125,16.763252934206125,2.0,0.0,,,0.8544432419000606,3.704275355174482
49,0.411,3.0,0.6969907986478066,2.984929630409664e-06,2736.1666666666665,7230.535506884123,5.833333333333333,21.831397781131976,2.0,0.0,,,0.4936185750498835,1.02508221652742
50,0.617,3.0,0.7094702956147171,1.2317500402042095e-06,1242.8333333333333,3389.6518011933517,2.1041666666666665,8.79854819584515,2.0,0.0,,,0.2410223548778518,0.6144797468008342
51,0.822,3.0,0.7205454503436277,1.414993621613446e-06,2028.0625,5908.0101031556605,3.145833333333333,9.920941923652324,2.0,0.0,,,0.3664094137052318,0.7890414998649075
52,1.028,3.0,0.730480913109131,2.4414320210255665e-06,1626.3958333333333,5632.924012010872,6.291666666666667,16.88630104909205,2.0,0.0,,,0.2010337254311058,0.5379786136297596
53,1.233,3.0,0.7393253850670302,1.1411881414218703e-06,967.1458333333334,3181.788992225301,2.6041666666666665,7.717731954714591,2.0,0.0,,,0.2433179901829849,0.6939743294798261
54,1.439,3.0,0.7472657005652182,1.6631517476277575e-06,2308.0416666666665,5480.900710099721,4.708333333333333,11.215411762075782,2.0,0.0,,,0.442288231931178,1.046982190049924
55,1.644,3.0,0.7543457857839,2.3287601914993384e-06,1932.375,5325.438248372996,5.270833333333333,15.655519838652427,2.0,0.0,,,0.1882381559614129,0.467199495886695
56,1.85,3.0,0.7607304754586273,1.2712572475531837e-06,1407.0,2677.7835865077323,3.125,8.355467059789898,2.0,0.0,,,0.4626707575867981,1.048183136902114
57,-1.85,4.0,0.3964635930973763,7.690582644598225e-06,35793.833333333336,61115.34665724691,46.083333333333336,98.88631627328066,2.0,0.0,,,0.7667749475329799,0.9283486237617486
58,-1.644,4.0,0.4432903566324086,9.687078233670014e-06,43384.270833333336,62106.61079752199,61.47916666666666,111.42233046813531,2.0,0.0,,,0.9224921598091136,1.1160567721460233
59,-1.439,4.0,0.4844331286851022,5.19172667810265e-06,27504.666666666668,38113.83140425608,32.8125,54.63365662455894,2.0,0.0,,,1.0251210653941152,1.2081879642931892
60,-1.233,4.0,0.5209824421803133,6.322049355481156e-06,17938.458333333332,38852.0979005616,23.791666666666668,61.77686626621457,2.0,0.0,,,0.7390504115470021,1.093285385343857
61,-1.028,4.0,0.5531578234630184,5.487099854596631e-06,20222.375,31113.57865478426,25.916666666666668,50.47216773937946,2.0,0.0,,,1.0088495818367804,1.1429217518213568
62,-0.822,4.0,0.5817764544659837,3.842325962017796e-06,6411.416666666667,14377.372678686605,12.6875,33.54524175916536,2.0,0.0,,,0.6656343196873559,1.2262561639022271
63,-0.617,4.0,0.6070116440056506,3.127855206869057e-06,7842.583333333333,15464.534410906112,13.729166666666666,26.221429909995805,2.0,0.0,,,0.6287926799661716,1.0163230710459754
64,-0.411,4.0,0.6295019672242219,4.433557187077362e-06,6300.375,11175.469990830696,15.854166666666666,35.82046816718498,2.0,0.0,,,0.7850474651861723,1.1323770441314387
65,-0.206,4.0,0.6493706764318187,1.6349112016877557e-06,4012.375,8437.745256009994,5.25,12.740453246889226,2.0,0.0,,,0.5123979410963377,0.9860969799406872
66,0.0,4.0,0.6671062508399422,3.2728942804382515e-06,4763.479166666667,12040.571938047688,9.520833333333334,24.97231623246399,2.0,0.0,,,0.3983088797839809,0.8010213708229037
67,0.206,4.0,0.6828754267990086,1.141153619460576e-06,1671.6458333333333,4601.2405519140175,3.125,8.355467059789898,2.0,0.0,,,0.4536868970313953,0.8548713783773308
68,0.411,4.0,0.6968458710627828,1.968373244934083e-06,2777.6666666666665,10420.784942733202,6.270833333333333,14.22724324507773,2.0,0.0,,,0.4425202056314452,1.0421126969075172
69,0.617,4.0,0.7093611083871925,2.7528542763963166e-06,2334.1041666666665,7085.976847445627,7.916666666666667,19.745005652745466,2.0,0.0,,,0.3179017098395784,0.633050713481761
70,0.822,4.0,0.7204604502905018,1.4148267001011284e-06,2666.645833333333,6066.714367128445,3.145833333333333,9.920941923652324,2.0,0.0,,,0.6331973865036201,1.6472764559548043
71,1.028,4.0,0.7304311413063854,2.4009658534042525e-06,4037.8333333333335,9090.3929515827,7.875,16.631967424978075,2.0,0.0,,,0.4556084234593558,0.811366767900821
72,1.233,4.0,0.7392856160754536,1.7609661021098123e-06,2485.5,6700.423756049933,4.208333333333333,12.074165022597125,2.0,0.0,,,0.5554110196988248,1.1035309972210827
73,1.439,4.0,0.7472501556778622,7.54505596611325e-07,1520.7083333333333,3227.300347061277,1.0416666666666667,5.048523413086471,2.0,0.0,,,0.3637206662447134,0.8358330722644803
74,1.644,4.0,0.7543559429500363,1.983681145839417e-06,4069.1666666666665,7586.530225686063,6.291666666666667,13.290467441843235,2.0,0.0,,,0.4750622473586534,0.8585443309800697
75,1.85,4.0,0.7607553962293362,1.412306340462857e-06,1101.6041666666667,2418.8123843366952,2.625,9.391315589981964,2.0,0.0,,,0.292801612342533,0.7650543445595298
76,-1.85,5.0,0.3964740887453518,6.5611126481839e-06,56999.1875,71228.58137210965,52.4375,84.29202184553714,2.0,0.0,,,1.1052775796640657,1.1324528342460756
77,-1.644,5.0,0.4433390641110733,8.764689456134405e-06,33066.333333333336,53682.74953137392,46.625,100.79632402111802,2.0,0.0,,,1.0639576692688195,1.049595580465462
78,-1.439,5.0,0.4845126244887228,4.736638824046612e-06,24833.5625,40234.571891784304,27.541666666666668,49.76282400027424,2.0,0.0,,,0.8831258804082456,1.0297478783201537
79,-1.233,5.0,0.5210789624939486,8.079905421453426e-06,28509.77083333333,44550.45913713285,38.66666666666666,79.02149810729082,2.0,0.0,,,0.935764680917916,1.0346025499176568
80,-1.028,5.0,0.5532527662920707,3.994519375281194e-06,22752.0625,30589.07712949687,25.3125,36.66011587194837,2.0,0.0,,,1.0330729379693897,1.1380273361581783
81,-0.822,5.0,0.5818765759375222,3.598951369292909e-06,9239.833333333334,17962.69744152828,13.708333333333334,31.452739510176777,2.0,0.0,,,0.7361405038293546,0.8721832980924947
82,-0.617,5.0,0.6071210751200325,2.4645395996399923e-06,7813.9375,17846.567778261895,8.979166666666666,20.60829164188927,2.0,0.0,,,0.6146520278285906,1.101126479317844
83,-0.411,5.0,0.6296113117038961,2.964109343210836e-06,6349.8125,11880.02954659312,10.5625,23.970643615037726,2.0,0.0,,,0.623603369633052,1.1836023459089269
84,-0.206,5.0,0.6494606088765306,2.186743699847e-06,5598.541666666667,11823.291954296184,4.75,17.133394044653315,2.0,0.0,,,0.6444002498446015,0.9977550705103152
85,0.0,5.0,0.667201946036141,4.55623103132603e-06,7558.916666666667,14844.656407786884,14.791666666666666,34.80092829119761,2.0,0.0,,,0.9281464844085688,1.6408192212265955
86,0.206,5.0,0.6829556402784936,2.299515503640934e-06,3856.6041666666665,12061.47374422112,4.75,17.069943723498454,2.0,0.0,,,0.6384325998584671,1.1928588170228078
87,0.411,5.0,0.696916088938036,2.175096245036553e-06,2344.645833333333,6402.708584054306,7.895833333333333,15.835913376950174,2.0,0.0,,,0.4226314124492107,0.7582939238869469
88,0.617,5.0,0.709410738977617,2.422214877798813e-06,3705.1875,8211.667691963958,5.270833333333333,17.364355252451308,2.0,0.0,,,0.4856808384174463,0.7935308155298487
89,0.822,5.0,0.7205011257921331,2.591046596245435e-06,3696.1875,8409.777070074513,7.875,18.190042868956304,2.0,0.0,,,0.4798071953869904,0.620148348548841
90,1.028,5.0,0.7304610652625371,2.2550176691054523e-06,3725.4375,6950.964126931097,7.375,15.671664360551729,2.0,0.0,,,0.4823483502516306,0.6983414253273862
91,1.233,5.0,0.7393007701087875,1.6979605486179992e-06,2016.9166666666667,4329.246791318536,5.229166666666667,11.567083862323043,2.0,0.0,,,0.4936945474350306,1.1556137235902626
92,1.439,5.0,0.7472653892048015,1.7642692414352497e-06,3202.645833333333,8068.603948664713,2.625,11.9353310661906,2.0,0.0,,,0.4658574091581636,1.25214393417031
93,1.644,5.0,0.7543561001096855,2.32878830076118e-06,3341.875,7427.388030981413,7.333333333333333,15.58822978408448,2.0,0.0,,,0.5975651951231554,1.3961542718988031
94,1.85,5.0,0.7607416641540138,4.95683588642277e-06,3752.4583333333335,11190.327901872151,11.104166666666666,33.19077004698832,2.0,0.0,,,0.3132694153123472,0.6832001865603273
95,-1.85,6.0,0.3956386137481029,1.2157628708683002e-05,84817.5,92457.438249267,110.85416666666669,156.69838076847185,2.0,0.0,,,1.511685110124989,1.4167709878394794
96,-1.644,6.0,0.4426988275836316,6.138947285496913e-06,35713.541666666664,52077.762611661085,43.958333333333336,70.70916108251397,2.0,0.0,,,1.2285414387045444,1.4562967487679128
97,-1.439,6.0,0.4840475715261224,3.401091038765456e-06,33500.916666666664,37056.63939524878,26.89583333333333,35.722476137838484,2.0,0.0,,,1.0166833530596608,0.8365018132136535
98,-1.233,6.0,0.5207488514623003,6.94102061849103e-06,24284.25,38192.41492339612,37.645833333333336,67.92501797847304,2.0,0.0,,,0.8847724003896772,0.8863366877859272
99,-1.028,6.0,0.5530427652524244,4.669178606975004e-06,18871.375,36904.77045080481,25.4375,43.01949397310628,2.0,0.0,1.2191880417234342,0.460157065024767,0.6967606932659093,0.9421862388267478
100,-0.822,6.0,0.581756636204421,2.871836261675661e-06,12891.645833333334,21416.808159082928,14.208333333333334,25.0505517273367,2.0,0.0,,,0.793439681116615,0.9440924674703336
101,-0.617,6.0,0.6070727824920702,6.826051786677713e-06,9714.729166666666,17826.39096150207,23.229166666666668,57.28994549316598,2.0,0.0,,,0.6165475949779293,0.760320908149963
102,-0.411,6.0,0.6296219020016779,3.4814676650203296e-06,7040.395833333333,13855.842787453264,15.291666666666666,28.062209261789818,2.0,0.0,,,0.6746681901178678,0.8867251937114979
103,-0.206,6.0,0.6495209472335813,3.210035379352934e-06,4367.625,11680.109157944087,7.375,25.137600047940392,2.0,0.0,,,0.7119206876159222,1.3400913991554702
104,0.0,6.0,0.6672909036382105,3.209130652731853e-06,4240.645833333333,10744.83508480036,6.875,24.502388072932725,2.0,0.0,,,0.5969832330768706,0.8410610897203052
105,0.206,6.0,0.6830812096389781,3.3412324964924404e-06,4620.583333333333,11449.60501006584,8.958333333333334,24.80987992401357,2.0,0.0,,,0.4742499785967791,0.8724852052097043
106,0.411,6.0,0.6970660165603858,2.0282616677192217e-06,4404.416666666667,8530.367717581881,7.354166666666667,14.73668108847939,2.0,0.0,,,0.534064019992932,1.0012482003057914
107,0.617,6.0,0.7095808130644817,1.5069581752129669e-06,3370.020833333333,6223.663658969874,5.729166666666667,10.618609884844853,2.0,0.0,,,0.6360033575779344,1.2185835189903538
108,0.822,6.0,0.7206959008777583,2.408724861393782e-06,4750.75,10253.208655021328,6.333333333333333,16.965965095779424,2.0,0.0,,,0.4143569889942753,0.7326806575419796
109,1.028,6.0,0.7306459133123385,1.9213324108710478e-06,3879.0,8626.169567325656,6.291666666666667,13.290467441843234,2.0,0.0,,,0.5757670456194246,1.0256492204245466
110,1.233,6.0,0.739500462190581,1.4522171178265815e-06,2687.375,7286.052901102185,3.145833333333333,9.920941923652324,2.0,0.0,,,0.3988737849408859,0.6920761230453965
111,1.439,6.0,0.7474561679120629,3.0014139190070507e-06,4292.75,9091.729148786471,7.854166666666667,20.326054533721035,2.0,0.0,,,0.535551913383547,0.8498081917716444
112,1.644,6.0,0.7545603144015723,1.0537867683512284e-06,2144.4166666666665,5340.477406475755,2.083333333333333,6.9827548466366025,2.0,0.0,,,0.4557710297814867,1.0144814997107063
113,1.85,6.0,0.7609504755969211,1.4943402512845707e-06,1924.4583333333333,4099.962703298618,3.145833333333333,9.920941923652324,2.0,0.0,,,0.3417238675654453,0.9082876021499854
114,-1.85,7.0,0.397202282288593,1.000510861883124e-05,75883.5,84051.1842059678,93.3125,128.3706661411863,2.0,0.0,1.4415795398041296,0.5508694137046828,1.2192819962351211,1.1023814091456183
115,-1.644,7.0,0.4440104577913366,8.592047070026865e-06,46650.895833333336,63454.26065444056,62.54166666666666,98.58206611176928,2.0,0.0,1.3291892576453537,0.5340744249066401,1.3016671629226024,1.5394908853804714
116,-1.439,7.0,0.4851527795746989,5.151858938473509e-06,25927.354166666668,42201.71657166687,29.0625,54.09621304636256,2.0,0.0,1.384508850264685,0.3660469608694922,1.0543252700980312,0.8679723174394802
117,-1.233,7.0,0.5216841300536156,5.376391873532324e-06,35746.0,40017.059048531,40.25,52.4816077205736,2.0,0.0,1.3938819794839157,0.4422534007797158,1.2456731159494745,1.128481066024516
118,-1.028,7.0,0.5538434038732379,4.987928239908585e-06,20064.5625,28532.31644167584,31.25,45.83620236023607,2.0,0.0,,,0.8007139300693638,0.906796633798781
119,-0.822,7.0,0.5824421235104122,3.739157034644683e-06,10269.333333333334,15228.960932316237,18.4375,32.607861113280315,2.0,0.0,,,0.8334599912410546,1.0488361792198857
120,-0.617,7.0,0.6076621521734761,4.77164055122584e-06,12696.604166666666,21938.27731530866,17.979166666666668,40.003983622556376,2.0,0.0,,,0.6898193187315812,0.7304462021672847
121,-0.411,7.0,0.6301376912406182,4.211618014669596e-06,13565.25,20006.595025938692,21.666666666666668,33.97829929079788,2.0,0.0,1.1841091065421392,0.4170504622779366,0.9874038052222632,0.9806601539668276
122,-0.206,7.0,0.649981692673515,2.921454885247805e-06,10830.375,17739.450146945295,13.166666666666666,22.789819800183214,2.0,0.0,1.1218069542512614,0.3988706731369603,0.5994962374525035,0.7163281122516911
123,0.0,7.0,0.6677011128423752,2.2138195692908936e-06,5430.1875,9169.825596745775,8.395833333333334,16.77097236848231,2.0,0.0,,,0.829829217212421,1.1642973335585278
124,0.206,7.0,0.6834554983558075,1.4080333758830426e-06,3875.8125,7881.443456886292,3.6666666666666665,10.397080877830174,2.0,0.0,,,0.5488669023072764,0.7936615362214532
125,0.411,7.0,0.6974111623587181,2.1975919339510467e-06,3967.6458333333335,7155.18775788732,8.375,15.90212751723706,2.0,0.0,,,0.4575778843146511,0.6429253624840833
126,0.617,7.0,0.7099064050317742,2.508806443706646e-06,4036.1458333333335,6455.255599170383,9.979166666666666,17.89388292404113,2.0,0.0,,,0.7641976393694018,1.1231002633952492
127,0.822,7.0,0.7209969527218291,4.00188420867513e-06,5355.770833333333,10451.482676532292,13.729166666666666,28.25321641138673,2.0,0.0,,,0.4509968532856214,0.6323366884112552
128,1.028,7.0,0.7309514466859613,2.894492398925718e-06,5951.875,11898.804292913796,10.0,20.123025871194567,2.0,0.0,,,0.5707891973436846,0.7964628848686279
129,1.233,7.0,0.7397858476753217,1.746597667467574e-06,1788.5208333333333,3739.648026386824,5.75,11.885088100175622,2.0,0.0,1.024159728346582,0.3898673988318272,0.3038143959126997,0.5511910439672156
130,1.439,7.0,0.7477556231353985,2.08858109809922e-06,3118.6875,5668.51755604979,4.208333333333333,14.143577345984433,2.0,0.0,,,0.5176271937867648,0.7207898348390693
131,1.644,7.0,0.754836258077991,3.6793735882245664e-06,3570.7916666666665,9048.966723564874,8.4375,24.772072684908363,2.0,0.0,,,0.3781817647680061,0.8618909736851176
132,1.85,7.0,0.7612312687404558,4.104986127753885e-06,4410.6875,8124.346395069235,8.416666666666666,27.389882689760928,2.0,0.0,,,0.5473770625218076,0.8063559016029587
133,-1.85,8.0,0.3968438879385365,1.0822160276975772e-05,90337.75,95001.64260450024,114.0,138.99686204938033,2.0,0.0,1.5666575026654108,0.3957053864393563,1.4425515758118097,0.983903516316714
134,-1.644,8.0,0.443550914185616,8.863687583750447e-06,53760.125,58893.5051307,67.79166666666667,101.8281736571692,2.0,0.0,1.4921073623765917,0.4204447145328196,1.3090155944320403,0.9575961538020006
135,-1.439,8.0,0.4845913099789201,9.85512233243984e-06,48650.04166666666,61772.27654241237,66.20833333333333,103.62616081701456,2.0,0.0,1.3918824718386624,0.4488270874345994,1.1231070333906608,1.1246631077329607
136,-1.233,8.0,0.5210332022305716,5.0195950207257255e-06,21258.8125,28204.685942086915,31.1875,49.08510033063073,2.0,0.0,1.2847489947696291,0.3839477660666487,1.1292659502996287,0.8993484863009896
137,-1.028,8.0,0.5531203007983471,5.9243641488032764e-06,32169.041666666668,35461.45518906248,48.66666666666666,54.60626311725795,2.0,0.0,,,1.1309991596993758,1.0196001307353115
138,-0.822,8.0,0.5816436959480767,7.192795947516371e-06,17663.8125,24621.517289658383,32.3125,62.98198197255696,2.0,0.0,1.1820634470292133,0.4432381883242952,0.9906991728461751,1.1476239132727628
139,-0.617,8.0,0.6067985397222012,6.300437436362617e-06,15524.479166666666,21888.408931018068,29.58333333333333,52.914959206271895,2.0,0.0,1.2643347905954183,0.3542924573421434,0.8970523321756817,0.9513800225346584
140,-0.411,8.0,0.6292271629940384,4.06119233157491e-06,11748.9375,18609.065537729184,17.395833333333332,32.78410329836725,2.0,0.0,1.1374414910485624,0.3924199710686339,0.7996359732100663,1.4309603847577663
141,-0.206,8.0,0.6490081098744426,5.3952835827782486e-06,10801.666666666666,15578.118549622715,24.33333333333333,42.355302279710784,2.0,0.0,,,0.8994057618114687,1.0094431206526275
142,0.0,8.0,0.6666925001201403,3.980063951570723e-06,8413.645833333334,12545.369747677416,19.02083333333333,30.3528817260901,2.0,0.0,,,0.9091700708610332,1.4494888212846129
143,0.206,8.0,0.6823972746841201,4.30059564533498e-06,6814.104166666667,12887.993136017138,16.875,32.02301366603898,2.0,0.0,,,0.8070557514700916,1.0247834662577042
144,0.411,8.0,0.6963213781489284,3.024996316919928e-06,3305.7291666666665,5004.822630562098,9.979166666666666,22.02560365374935,2.0,0.0,1.1013987008844994,0.3016196051549792,0.778143963514092,0.9858750292522476
145,0.617,8.0,0.7087815504706475,2.8225243423894387e-06,4852.1875,6788.325177006225,11.041666666666666,20.22738646292613,2.0,0.0,1.030994542572481,0.4162568512224614,0.6593279551060157,1.0768155109197863
146,0.822,8.0,0.7198411997423314,2.268270569291717e-06,3160.6875,6181.822450957288,8.375,15.90212751723706,2.0,0.0,,,0.6920740171053662,0.8620960757070432
147,1.028,8.0,0.7297665203581937,2.898969310279343e-06,5912.083333333333,8505.753334075815,10.520833333333334,20.12830079534289,2.0,0.0,,,0.7704724580675499,0.9868096211563936
148,1.233,8.0,0.7385958463110022,1.568578276451113e-06,3371.583333333333,7535.462994806576,5.729166666666667,10.618609884844853,2.0,0.0,,,0.5874478450182313,1.028762959620285
149,1.439,8.0,0.7465311664651786,2.7929025160634955e-06,4519.041666666667,8566.110321539183,7.895833333333333,19.012022605343684,2.0,0.0,,,0.5927820559909476,0.7941870366100151
150,1.644,8.0,0.753606570026902,3.189117240514288e-06,5662.8125,11420.312358615723,10.520833333333334,21.43370738012296,2.0,0.0,1.0025027693697568,0.3229386141315078,0.8775481364172943,1.675322764105647
151,1.85,8.0,0.7599759499750833,1.9984597156872238e-06,2573.145833333333,5112.172748677679,6.291666666666667,13.290467441843234,2.0,0.0,,,0.4665549796825952,0.8763972375690452
152,-1.85,9.0,0.3954941048600269,1.0171970999948176e-05,99421.125,93820.01497335771,117.1875,131.17061428990675,2.0,0.0,1.6311380165482925,0.3149855858020153,1.4580449481515096,0.9396848116957122
153,-1.644,9.0,0.4424558312197835,1.1040769392513089e-05,87452.5625,71533.91534177108,124.58333333333331,127.17667947158569,2.0,0.0,1.5616719917240571,0.3815522348283495,1.4385835464026837,0.9142191931771652
154,-1.439,9.0,0.4837019029768722,8.54005106675279e-06,58112.6875,55376.316884646425,72.5625,89.97018566453355,2.0,0.0,1.453812126505038,0.4238667654487776,1.326140249903664,0.8929579612992612
155,-1.233,9.0,0.5203247697392991,7.126723866448834e-06,36838.72916666666,50753.36974945692,46.60416666666666,69.72582768314257,2.0,0.0,1.2698970554515092,0.4662324384793475,0.8520472320337733,0.83727679960735
156,-1.028,9.0,0.55254931687552,6.884260304383586e-06,26810.416666666668,34572.40237089455,39.66666666666666,63.48674960876895,2.0,0.0,1.3338444852658826,0.4066713335851154,0.9603701087451642,0.8598841253725581
157,-0.822,9.0,0.5812041774521921,5.291263657958732e-06,27800.08333333333,31036.344115858978,36.5,46.33963424680496,2.0,0.0,1.3018413857110973,0.4310129752429971,1.013141465577232,0.9118284735177627
158,-0.617,9.0,0.6064646117274707,6.560365061473554e-06,24676.83333333333,29962.47891864681,38.583333333333336,55.10833945977854,2.0,0.0,1.2950985210404256,0.4250996241351978,1.1800438486001603,0.946598573747409
159,-0.411,9.0,0.6289750449962198,7.696482023619003e-06,23741.3125,30091.6712030735,40.72916666666666,62.318925639871246,2.0,0.0,1.2864152551613448,0.396950446811349,1.18983950568506,1.5261716639903118
160,-0.206,9.0,0.6488367572783552,2.8360163622421835e-06,10197.125,14605.425710906497,13.666666666666666,22.14106931371224,2.0,0.0,1.2083871102579924,0.3736106738660811,0.864843973453139,0.9538195133122
161,0.0,9.0,0.666567291365445,5.243148850846457e-06,10136.020833333334,19346.43470864146,17.416666666666668,39.997251678633766,2.0,0.0,1.0936447156081408,0.357745972189532,0.8950197127040328,1.2815627287422808
162,0.206,9.0,0.6823224165784306,3.721226943395197e-06,9356.625,13285.453253625008,17.9375,27.70237431256013,2.0,0.0,,,1.0028833889194175,2.1336205366019
163,0.411,9.0,0.6962812330128786,3.2508343684864616e-06,4564.791666666667,7121.052121517992,8.958333333333334,23.691239365956257,2.0,0.0,,,0.5654707467258427,0.6607930559904083
164,0.617,9.0,0.7087870673087796,3.08725279346572e-06,7060.604166666667,11195.929449770463,14.708333333333334,22.0598396372842,2.0,0.0,1.0243925398027296,0.3893055216844899,0.5662574243382443,0.6966137972845754
165,0.822,9.0,0.7198611997854135,3.508905317425557e-06,6292.875,9116.659843794045,8.4375,24.815837641964464,2.0,0.0,,,0.6952762927172924,0.897520541703911
166,1.028,9.0,0.7298025847501458,4.933711562749819e-06,10496.708333333334,15306.417736136716,17.916666666666668,34.38259909557996,2.0,0.0,,,1.0698974791723994,1.632286709944951
167,1.233,9.0,0.7386460002572853,2.3776437995582405e-06,5241.0625,9031.613678314,6.833333333333333,16.299501798068803,2.0,0.0,1.0285164123451171,0.4966076539911369,0.8502118769356274,1.2136693002900774
168,1.439,9.0,0.7465821775545534,4.206021177993072e-06,7128.5,11139.928547461746,14.75,28.60925307836833,2.0,0.0,,,0.7492386175446625,1.2445474112291706
169,1.644,9.0,0.7536662561185397,2.498840652419699e-06,5024.333333333333,10002.230198828389,8.4375,16.84586728787957,2.0,0.0,1.0367344343850726,0.4675391222955346,0.7142150713398209,1.0689868026111424
170,1.85,9.0,0.7600506333789584,1.6318956153106388e-06,3797.125,8127.65095902267,4.1875,10.826791532749535,2.0,0.0,,,0.4272045704619995,0.6520318013252516
171,-1.85,10.0,0.3950713173729466,9.545838886954626e-06,124836.04166666669,87546.32892140736,145.875,123.17702621525672,2.0,0.0,1.6423508598784078,0.3372383035216887,1.6963009883593287,0.9565862766779876
172,-1.644,10.0,0.4421985678048294,9.682357589858975e-06,76629.875,69978.42699357196,98.625,111.59093706050932,2.0,0.0,1.4822027358995242,0.4403775625825862,1.3516326912340872,1.38405276016771
173,-1.439,10.0,0.4835972037196107,8.203745529371854e-06,55198.25,52054.37278890995,75.77083333333333,86.42429711143548,2.0,0.0,1.4129634098885206,0.4459858132248054,1.1347027574761972,0.8511262685669905
174,-1.233,10.0,0.520357805542169,9.646222557915684e-06,43503.85416666666,42310.9404593274,76.35416666666667,94.54425724502882,2.0,0.0,1.4039129589057744,0.381275653256258,1.1665568153384287,1.0192843794084443
175,-1.028,10.0,0.5527205848738901,7.244830568502228e-06,34622.916666666664,35121.61684461782,51.333333333333336,66.84447918237616,2.0,0.0,1.369307137362986,0.3369124848079439,1.0865232466076344,0.7701234017917137
176,-0.822,10.0,0.5814992401585696,5.966526740787803e-06,23127.75,30077.602347219214,37.0625,52.30491871016143,2.0,0.0,1.2574223836837022,0.350908454606141,0.9143573889824202,0.756260559725956
177,-0.617,10.0,0.6068492985821357,6.408816642869772e-06,22078.541666666668,23744.720918292314,35.895833333333336,53.784534510231374,2.0,0.0,1.3242129003861216,0.35151465208698,1.149870386760026,1.312199617028459
178,-0.411,10.0,0.6294628195083788,5.039128136879288e-06,12565.458333333334,18472.17867664929,22.729166666666668,40.75340454820313,2.0,0.0,1.2072776364560416,0.3772168529732688,1.064871846986896,1.1680641711916917
179,-0.206,10.0,0.6494133147405078,4.209253678767404e-06,16943.458333333332,19686.383306751766,25.8125,32.945251974443515,2.0,0.0,1.2118824743760714,0.3899270658979538,1.1023167528464817,0.960237236773906
180,0.0,10.0,0.667232641150027,3.766841123039286e-06,10023.354166666666,17233.047425013032,20.041666666666668,28.708333976675,2.0,0.0,1.038877351524655,0.4232011813226463,0.8524020260147522,1.110425907410095
181,0.206,10.0,0.6830628461310063,4.9984363953322125e-06,11879.583333333334,14711.611954193875,21.104166666666668,37.23030085049596,2.0,0.0,1.2188174474285602,0.424114672803964,1.2338223241042796,1.5337268151426977
182,0.411,10.0,0.6970824688598545,4.311483075807089e-06,9785.916666666666,14453.192514640088,17.9375,31.44492398910913,2.0,0.0,1.0405864170695838,0.4291314835709602,0.8844665893138636,0.8602186834828246
183,0.617,10.0,0.7096370697938833,3.7202224017321175e-06,8484.875,12361.898712223645,14.75,26.60467084250993,2.0,0.0,,,0.7876803347501475,1.0201435333957634
184,0.822,10.0,0.720772177357952,4.318289563040562e-06,6952.229166666667,9958.150986705554,15.3125,30.470185113501756,2.0,0.0,1.044803744761916,0.3822517429793119,0.7517013733473403,0.8887433688590101
185,1.028,10.0,0.7307626642729367,5.041581987882595e-06,6365.270833333333,11521.6869161236,18.4375,35.076758535556024,2.0,0.0,1.027122339963838,0.4148973004204055,0.5307097351663875,0.7113529591369798
186,1.233,10.0,0.7396476966543707,4.089842673829368e-06,7607.833333333333,10638.370110591615,18.4375,28.10383955747578,2.0,0.0,1.062337763128368,0.3586034366332661,0.7213500492269196,0.8450536335054256
187,1.439,10.0,0.7476359345523167,2.37679846046404e-06,3186.7291666666665,5320.468531358283,6.3125,16.104916984071348,2.0,0.0,0.9488315682381456,0.378959002996667,0.8680207302852413,1.635554965260817
188,1.644,10.0,0.7547408648137183,2.2345542088372345e-06,4693.354166666667,8514.346072489063,5.770833333333333,14.966970135450296,2.0,0.0,,,0.5174415578635939,0.7334820084928791
189,1.85,10.0,0.7611660307510099,2.038143194217432e-06,5629.979166666667,7562.694753573421,6.8125,13.52642213390817,2.0,0.0,,,0.8965975447912967,1.3790995439533722
190,-1.85,11.0,0.3947944350799877,1.283343251477508e-05,147491.16666666666,100784.47240065312,186.25,165.72221053265548,2.0,0.0,1.6682743646722915,0.3448982168494948,1.648517099719142,0.8353913785920528
191,-1.644,11.0,0.4416847540689619,9.43433987312756e-06,92872.79166666669,75294.55659196888,112.35416666666669,108.88828739219691,2.0,0.0,1.5529125614996662,0.3287603678463975,1.7047617302307465,0.9169277875479688
192,-1.439,11.0,0.4828864889135327,7.893492671115933e-06,57140.47916666666,59044.52902934724,68.35416666666667,83.3795448111094,2.0,0.0,1.4168425649514296,0.4004118296499415,1.183704311391283,0.900586835612672
193,-1.233,11.0,0.5194735498262907,9.1397433574826e-06,58991.85416666666,50898.35007901057,83.70833333333333,89.67386733195744,2.0,0.0,1.5091934659939383,0.3300426854075025,1.4321449459917823,0.7951076571964087
194,-1.028,11.0,0.5516604592120747,6.374127725162936e-06,34550.166666666664,36508.92398417502,50.270833333333336,58.78223048309221,2.0,0.0,1.3266936463432677,0.3411081377436369,1.2313902120883016,0.836177150630065
195,-0.822,11.0,0.5802900171734307,6.9990854777155e-06,33346.270833333336,35518.748609077935,43.91666666666666,61.50448291335938,2.0,0.0,,,1.0555434686009386,0.8160323599272775
196,-0.617,11.0,0.6055289107996172,7.545763449221236e-06,20908.104166666668,32017.103885958168,32.770833333333336,63.46861834154259,2.0,0.0,,,0.8754403822115338,0.8833026015434525
197,-0.411,11.0,0.6280179438644707,4.412682366281419e-06,16427.583333333332,22172.43515626701,23.791666666666668,35.76873610109118,2.0,0.0,1.18793969622723,0.3798538554658858,1.0987817402897695,1.038151624892506
198,-0.206,11.0,0.647871957125176,2.81449581426999e-06,7978.0625,11408.48714009872,15.270833333333334,22.044191190611347,2.0,0.0,1.0737033251001715,0.3374983036057762,0.7112111802857846,0.747756871471167
199,0.0,11.0,0.6655929813214753,3.648194612644685e-06,14517.75,16344.910445398136,22.729166666666668,27.884823587837577,2.0,0.0,1.1664480457920792,0.3696284717600453,1.099066075168078,1.0551778239072769
200,0.206,11.0,0.6813419162953651,3.843177188896539e-06,9284.416666666666,16412.875401009966,14.229166666666666,28.684074893262107,2.0,0.0,1.0129424056850598,0.4067862802112942,0.6726172145781976,0.7509618515383569
201,0.411,11.0,0.6952865209573028,3.5789878059389344e-06,6864.0625,10414.010555356395,11.125,26.214033110433306,2.0,0.0,,,1.1294854190811954,1.8201849662334595
202,0.617,11.0,0.7077714745355789,2.90482778375408e-06,7176.395833333333,11761.386668751997,10.541666666666666,20.871397850334567,2.0,0.0,1.0154191360512008,0.3475679751336166,0.6121639124995982,0.7416179056329418
203,0.822,11.0,0.7188517222586447,2.672242775762692e-06,6639.8125,10432.363728517892,12.125,18.8923321155954,2.0,0.0,1.0147887669899196,0.4030683742090593,1.0410576599975565,1.7564157801027092
204,1.028,11.0,0.7287876570700201,4.856454469555763e-06,7096.208333333333,10126.275623259864,18.45833333333333,33.87709847992357,2.0,0.0,1.009715277513458,0.3664822305928547,0.7434641375695122,0.8679539503411808
205,1.233,11.0,0.7376261525486675,2.424616236495108e-06,6852.875,8626.373769410555,7.875,16.631967424978075,2.0,0.0,1.0820369641187535,0.3120934128263656,0.787277719227084,0.7940364471538333
206,1.439,11.0,0.7455661649589033,2.9938097876034623e-06,3956.0,5077.771005370242,7.895833333333333,20.389024564579724,2.0,0.0,,,0.7484151283470545,1.0357357733028756
207,1.644,11.0,0.752646724829491,3.2897696566219546e-06,4457.458333333333,6531.2047859237855,11.583333333333334,22.20200617093384,2.0,0.0,,,0.7101093013747145,0.8365756281083763
208,1.85,11.0,0.7590265813163156,2.911794198323612e-06,6495.291666666667,10316.536273336998,10.5,19.412652158573987,2.0,0.0,,,0.6500492138631099,0.8898533521596772
209,-1.85,12.0,0.3975422994095319,1.3436534606697856e-05,120729.47916666669,95130.52059815584,157.52083333333334,172.300824213997,2.0,0.0,1.6079838622461538,0.3379903237948511,1.615992435856266,0.7725932213222544
210,-1.644,12.0,0.4442855058216481,1.2062011674208094e-05,83572.27083333333,70203.38276196498,120.39583333333331,138.43175437943194,2.0,0.0,1.5724270791127484,0.3066380702511215,1.3271625003472023,0.7739668064356844
211,-1.439,12.0,0.4853703648079578,7.974708215649855e-06,79775.41666666667,52670.83914509267,108.66666666666669,83.71820344854805,2.0,0.0,1.5248565715454347,0.3613827632587003,1.4465494938591406,0.7723333069013926
212,-1.233,12.0,0.5218551099089986,6.435781273609497e-06,45378.04166666666,41923.07127115972,49.79166666666666,62.831743682508105,2.0,0.0,1.3920921668565036,0.3431669361062087,1.2702525842391232,0.8188697966737183
213,-1.028,12.0,0.5539658860246678,8.80825330592315e-06,34712.6875,35277.792791208114,54.020833333333336,81.09424241265387,2.0,0.0,1.3587451273530042,0.3533183594653003,1.1885433423047274,1.0546622753349686
214,-0.822,12.0,0.5825290049613208,6.653625013299059e-06,21562.6875,27930.135680175845,34.895833333333336,58.15724816550726,2.0,0.0,1.2293042474838245,0.3571777752423132,1.083219426887078,1.0192920758825006
215,-0.617,12.0,0.6077141147686452,4.834626155120318e-06,21084.52083333333,21393.38377937141,34.333333333333336,40.45713956576727,2.0,0.0,1.242763841179812,0.3312226587420894,1.0473510020779155,0.941196639710136
216,-0.411,12.0,0.6301627569913552,4.3419563625617285e-06,14944.875,21815.703953925466,22.166666666666668,35.09581616171275,2.0,0.0,1.1692185200032603,0.3989216215369379,1.1701389107438418,2.0080066745664364
217,-0.206,12.0,0.6499829791156243,4.23124389921985e-06,14148.541666666666,16688.585705484176,23.20833333333333,33.091078911786774,2.0,0.0,,,1.1420912303547417,0.8924216421807474
218,0.0,12.0,0.6676777820160282,4.151087313299503e-06,12766.229166666666,16961.306154841972,21.104166666666668,31.619573511956396,2.0,0.0,1.1354623205057628,0.346853786943383,1.0916726736560098,1.3163825005703207
219,0.206,12.0,0.6834174916531386,4.330410490136205e-06,8804.166666666666,12622.011178270965,18.45833333333333,32.23580560681813,2.0,0.0,1.0068913200407954,0.3775347659152807,0.6381484936049402,0.7533430305020385
220,0.411,12.0,0.6973573245529884,4.511090109297269e-06,9425.208333333334,14371.8584044732,16.916666666666668,32.91952362141641,2.0,0.0,,,0.9650608799547116,0.9461447826493132
221,0.617,12.0,0.7098316267085386,2.831639452860476e-06,6344.458333333333,9593.308254967244,11.5625,20.258863308517373,2.0,0.0,0.9758263884935804,0.3802713696158872,0.8758199677817347,1.2902892602093754
222,0.822,12.0,0.7209068022827751,3.407454909917178e-06,7896.229166666667,12313.31893527023,12.645833333333334,24.00486615856835,2.0,0.0,,,0.7801471912576833,0.8284467206743287
223,1.028,12.0,0.7308408374265435,1.88295343807545e-06,6830.0625,8703.002442068424,5.770833333333333,13.029001338802788,2.0,0.0,0.9905423340595588,0.4004952173129009,0.7763826876632258,0.9120409002210474
224,1.233,12.0,0.7396869262811285,3.144700335224697e-06,5265.979166666667,6648.022219057984,13.166666666666666,21.56665406074588,2.0,0.0,0.976165310242618,0.3761138049789235,0.8532998517567556,0.9451508742707284
225,1.439,12.0,0.7476314018163746,2.392361474598441e-06,4491.479166666667,7255.0396892900435,9.458333333333334,16.216564073644264,2.0,0.0,0.9986616631134848,0.3716154905065849,1.0708029052502697,1.4121136199079938
226,1.644,12.0,0.7547221226747644,3.806143690730661e-06,7016.0,9262.210657036429,14.229166666666666,25.606049470848603,2.0,0.0,1.0214929505343535,0.3685536113919881,1.118854847270842,1.6684307174356354
227,1.85,12.0,0.7611008720996959,1.960916016803541e-06,3602.708333333333,5477.374145531949,5.770833333333333,13.029001338802788,2.0,0.0,0.8959480308640856,0.3781849286596197,0.6318031223046862,1.0199307460686946
228,-1.85,13.0,0.3955138845563389,1.2242250616515082e-05,121112.04166666669,100804.03222114072,178.79166666666666,157.83764326422792,2.0,0.0,1.5396234767881063,0.3808560539560973,1.5201578043931008,0.8946047387723964
229,-1.644,13.0,0.4424574904539761,1.058059574809861e-05,101661.35416666669,73073.1085331785,143.79166666666666,121.89722883299324,2.0,0.0,1.5690679471482614,0.3334341039148248,1.585899175201299,0.7752861167444652
230,-1.439,13.0,0.4836993216029241,1.2453113662060035e-05,74426.29166666667,71402.86563739771,98.0,131.20602606814882,2.0,0.0,1.438903872757092,0.4279043099083004,1.469690094350426,0.959631259800084
231,-1.233,13.0,0.5203393771382244,1.0022883715642449e-05,60592.020833333336,52157.14561619859,91.6875,98.14668922782356,2.0,0.0,1.4286056930464308,0.3355517393822225,1.4031160339419582,0.819549773850991
232,-1.028,13.0,0.5526015622135637,6.285935290498359e-06,42557.5625,31566.17106354573,60.333333333333336,57.95755355589465,2.0,0.0,1.4282876084788076,0.265650480162335,1.5196958074718765,0.9328647340831904
233,-0.822,13.0,0.5812895413868547,6.082203781582949e-06,29259.375,31559.17324755433,39.6875,53.292910490145296,2.0,0.0,1.2257084128122402,0.3949447237641107,0.8987039811004998,0.7060454638522142
234,-0.617,13.0,0.606588980780725,5.011377395969173e-06,26642.0,25098.644772263207,33.3125,42.02236296737372,2.0,0.0,1.3639711754697763,0.3304222270469208,1.0386284874414542,0.7422987309533435
235,-0.411,13.0,0.6291338665972658,5.399653421804544e-06,21488.291666666668,25094.8307832665,31.1875,43.70581355263705,2.0,0.0,1.226296349653779,0.3675231929305904,1.1333055892730537,1.011801858176051
236,-0.206,13.0,0.6490450707551504,7.746843029619762e-06,21455.39583333333,27669.22079021841,39.708333333333336,60.81431743984108,2.0,0.0,1.1484865113779017,0.3967852232913144,1.0847262951757242,1.0512524110183712
237,0.0,13.0,0.6668221533038277,4.039214317101259e-06,10263.541666666666,14179.391752339452,16.375,30.81214529811809,2.0,0.0,1.098833253060786,0.3280727059418767,0.9445649266880256,1.1947657663593405
238,0.206,13.0,0.6826283420683609,4.852058855393943e-06,15765.145833333334,18956.655687399627,24.83333333333333,36.14352791204918,2.0,0.0,1.2147299027046186,0.3832936805881181,0.9612367631844836,0.8684146997994094
239,0.411,13.0,0.6966329026830539,5.718306447652329e-06,10506.25,16072.030370617227,21.166666666666668,41.82808449453871,2.0,0.0,,,0.8742608396852997,0.8777560728664218
240,0.617,13.0,0.709173102660119,4.486753842691124e-06,11213.395833333334,13218.00730264393,22.1875,32.152996121271,2.0,0.0,1.126855270833373,0.4141714464532992,0.9436804621264784,1.1088361502867614
241,0.822,13.0,0.7203073260160343,4.169126862752276e-06,8917.791666666666,10912.424299088329,16.354166666666668,29.44630134873593,2.0,0.0,1.1180520772809734,0.3400532692328838,1.160416510396798,1.7366056721163805
242,1.028,13.0,0.7302925864764614,4.191115023524769e-06,10885.020833333334,13702.57684802944,17.875,29.16470104825425,2.0,0.0,1.1626078389407126,0.3180616521986967,0.8733825146796791,0.8403146564263517
243,1.233,13.0,0.7391613089411005,2.694348214589447e-06,5027.916666666667,8202.151473937703,8.916666666666666,18.428508596140222,2.0,0.0,,,0.5107684376471785,0.5495459809077484
244,1.439,13.0,0.7471514009140329,1.983533407326923e-06,5862.666666666667,7003.977740141467,9.395833333333334,13.339653865382974,2.0,0.0,1.0300195335200817,0.2871552619789377,0.9154847044755646,1.0150040276789445
245,1.644,13.0,0.7542720428373686,3.645611092439474e-06,6493.25,7817.979837827727,13.666666666666666,24.51342084284525,2.0,0.0,1.029686705333394,0.3442907137883407,0.8503144370802143,0.9381636891799148
246,1.85,13.0,0.7606970602417736,3.997559338064894e-06,5955.041666666667,10882.581045459432,13.666666666666666,26.71626593010758,2.0,0.0,0.9603631013964976,0.3117497155552565,0.690318501135732,0.8297465039474995
247,-1.85,14.0,0.3964392475255409,1.408685954727843e-05,141808.39583333334,104738.2132091446,183.10416666666663,181.17937973688944,2.0,0.0,1.6119510603149134,0.3189812245960914,1.7134499319330316,0.8154273812066304
248,-1.644,14.0,0.443295482395295,1.1735755714231424e-05,82814.1875,73639.97099912065,120.39583333333331,135.01106961445686,2.0,0.0,1.4323886428246455,0.3780022353759377,1.4098217468303635,0.9085550214443626
249,-1.439,14.0,0.4844724148951305,1.1968514013424024e-05,87388.20833333333,64132.07874576924,130.47916666666666,125.9824353821702,2.0,0.0,1.540320402071241,0.3054585774606047,1.5499061566190082,0.752657449404283
250,-1.233,14.0,0.521043412878892,1.0285243001826009e-05,53033.91666666666,53395.656905954806,82.125,100.63217729127686,2.0,0.0,1.3792480416720672,0.3290327997977474,1.3654329419077664,0.8224401215244128
251,-1.028,14.0,0.5532416851200147,8.107045180424039e-06,40891.083333333336,39272.95350835615,61.458333333333336,74.69055548069102,2.0,0.0,1.3979389895691192,0.3278342040758494,1.2455330065894374,0.909668714021314
252,-0.822,14.0,0.5818805158013299,5.918339274335398e-06,30205.0,30149.346682876152,48.1875,51.87942495867272,2.0,0.0,1.2742824922286593,0.3254367034564142,1.0842658201318975,0.7306516412294538
253,-0.617,14.0,0.6071233518611409,4.611893254396778e-06,20733.39583333333,27248.55560157083,27.95833333333333,38.64291426244966,2.0,0.0,,,1.1222092329179,1.079820371295216
254,-0.411,14.0,0.6296299846250402,5.910611554672964e-06,22838.104166666668,25431.477999601942,40.1875,47.75364807274224,2.0,0.0,1.2856387953236112,0.2886917507818925,1.2657733746735182,1.06569495106024
255,-0.206,14.0,0.6494883151199421,3.9342059463329785e-06,14152.25,18907.360429321045,25.875,30.84320332730311,2.0,0.0,1.1568918735716205,0.3185441547633717,1.052094748585702,1.0096172635583651
256,0.0,14.0,0.6672405604376297,8.239593653099764e-06,20171.39583333333,23684.12967488997,42.29166666666666,62.91397650535462,2.0,0.0,1.189957266079557,0.3732950107904016,1.0482549438528166,0.8783772173343
257,0.206,14.0,0.6830127036253623,4.827610598170442e-06,14099.708333333334,17362.829927883584,20.0625,35.983096652190056,2.0,0.0,1.2007103204706802,0.3470187850808787,1.034163037682707,1.2474732473455523
258,0.411,14.0,0.69698355756779,5.817727599049222e-06,12661.583333333334,15314.02605155814,25.89583333333333,42.44357434931817,2.0,0.0,1.051643434136284,0.3823044593176706,0.8796075693520188,0.8199722165990905
259,0.617,14.0,0.7094923650058371,4.761389095941443e-06,9637.729166666666,12778.93196472738,16.895833333333332,34.15187579866406,2.0,0.0,1.0614828088955717,0.3212950622243792,1.0155144248591004,1.8005939623128384
260,0.822,14.0,0.7205931526180311,4.113104426983737e-06,11210.145833333334,14473.519085659886,22.125,28.978073148576588,2.0,0.0,1.128603627368718,0.3997986801833024,1.5622590330835326,3.91332426115709
261,1.028,14.0,0.7305574352092074,3.6398498069203376e-06,9690.3125,12894.636186788195,16.875,25.3248049287818,2.0,0.0,1.056856356894717,0.3279142746752029,0.8616247115698945,0.8767295433125064
262,1.233,14.0,0.7394230809497868,3.913686672131957e-06,10395.770833333334,11498.925300828108,21.14583333333333,26.93727116866489,2.0,0.0,1.1094038706878135,0.3205116108334774,1.0742355010666882,0.9428517692291174
263,1.439,14.0,0.7473874134544748,3.4894148898620264e-06,6828.458333333333,12151.113187702376,16.291666666666668,23.6516908966252,2.0,0.0,1.0485923834601456,0.5912135220010436,0.796366590645544,0.8976952007641534
264,1.644,14.0,0.7544813360720876,2.9622212539906767e-06,6360.4375,9817.723291797774,8.916666666666666,19.846038602878668,2.0,0.0,0.9671277004902908,0.4082707547744813,0.8086840872624972,1.0761374748124546
265,1.85,14.0,0.7608809511079263,2.288054847972433e-06,4602.5,6690.749915034332,6.291666666666667,15.195125664884488,2.0,0.0,,,0.5572970765388147,0.6938663413347813
266,-1.85,15.0,0.3948347243817775,1.165492512521667e-05,150584.1875,85880.97879825937,189.9375,150.55491770341098,2.0,0.0,1.663530769210782,0.2296439463101395,1.5613858130435734,0.6934848938945475
267,-1.644,15.0,0.4418071038928548,9.942458829893156e-06,106135.0625,64183.04865736325,139.41666666666666,114.78746935344196,2.0,0.0,1.6196271358904422,0.1657424078501731,1.5195879932452092,0.6646669415673283
268,-1.439,15.0,0.483069409993473,1.003045126297215e-05,69056.5,64368.96542325016,99.14583333333331,105.82803987990468,2.0,0.0,1.4362069253901069,0.3499096774555878,1.245820501937008,0.9575384932443824
269,-1.233,15.0,0.5197197449014095,9.105312130612969e-06,65521.97916666666,56231.36324170733,95.41666666666669,89.33199692024614,2.0,0.0,1.4288194807227723,0.2902810868937274,1.3429381770183584,0.7170619267314305
270,-1.028,15.0,0.5519775323019335,7.821721007194966e-06,46528.22916666666,41006.08505297594,69.39583333333333,72.23270302657116,2.0,0.0,1.3674324221069625,0.3163878651730562,1.289859076258958,0.7604027674601589
271,-0.822,15.0,0.5806611091151106,6.729250794575184e-06,31913.041666666668,28905.68464223819,53.4375,59.01637214240692,2.0,0.0,1.243189597703563,0.3858634316175163,1.1656937644551884,0.7677136250407727
272,-0.617,15.0,0.6059491659526691,5.681148729277322e-06,22785.604166666668,31194.79280997076,34.9375,47.72724198672677,2.0,0.0,1.164922561519628,0.3619623537240221,1.0586447900835,0.8782603074249876
273,-0.411,15.0,0.6284945828476094,6.920366065602976e-06,18067.5625,19543.191247175324,37.0,56.03949974718631,2.0,0.0,1.2347303149764746,0.2889179248690057,1.028533961491567,0.8925404157024689
274,-0.206,15.0,0.6483895928236687,6.512758635590193e-06,20278.08333333333,21547.82805447566,35.9375,51.18111613609233,2.0,0.0,1.212563882458657,0.3170259423889764,1.1480300945102873,0.9577533522516376
275,0.0,15.0,0.6661439552655792,4.938255700036067e-06,21913.3125,20584.93765504205,30.08333333333333,37.7324474246302,2.0,0.0,1.2292592352331015,0.28842704632485,1.3536589371802703,1.4867708918160856
276,0.206,15.0,0.6819479125135732,4.392057645221446e-06,14323.333333333334,17183.528258726135,21.64583333333333,32.7150753091334,2.0,0.0,1.1780953310515174,0.3681090708689959,1.102608985121127,1.3307716182613598
277,0.411,15.0,0.6959279722162964,4.122827010396796e-06,15609.4375,16436.675607229317,21.604166666666668,30.13779671409544,2.0,0.0,1.2307117678082626,0.2623731042878831,1.2425249239289868,0.9615142953195746
278,0.617,15.0,0.7084475091114647,4.381789101905226e-06,9371.041666666666,13751.288273820615,17.895833333333332,31.452253299066708,2.0,0.0,1.0153742063131368,0.348902202259147,0.73180847788168,0.6593727894326766
279,0.822,15.0,0.7195615740521165,2.8654470049617474e-06,9114.416666666666,11631.68888385432,11.041666666666666,20.173669729491703,2.0,0.0,1.0850751949919273,0.3933570563272264,0.9154214595656192,0.9901447041586562
280,1.028,15.0,0.729537203824544,3.257372966440474e-06,7414.375,9497.927560341222,15.25,22.62976762979955,2.0,0.0,1.0109279354525276,0.3466853837341161,0.7550484311456622,0.7213228262535071
281,1.233,15.0,0.7384026151989715,4.168633430949028e-06,9220.625,11986.822838904252,17.895833333333332,28.67294638871159,2.0,0.0,1.0098901910749123,0.3637749358646581,0.9390384979463148,1.0052439709814671
282,1.439,15.0,0.7463571768897417,3.340797123776842e-06,7037.729166666667,7916.627040037069,14.770833333333334,22.731775102063192,2.0,0.0,1.024906686890967,0.3120182150308277,0.8476960484278567,0.7496648363334389
283,1.644,15.0,0.7534666482207767,3.09948116290017e-06,5467.416666666667,9011.90238691064,11.0625,20.914625087559937,2.0,0.0,0.8490025615508109,0.3755581772337304,0.6308539539163857,0.9838569385939536
284,1.85,15.0,0.7598673746161193,4.870997336450724e-06,8874.8125,12849.002964310566,15.8125,32.555455960037754,2.0,0.0,0.9290797180138184,0.4000542019934531,0.6828995013875913,0.891795574563825
285,-1.85,16.0,0.3974815206553732,1.1568813654777336e-05,152125.22916666666,79675.55372972223,211.75,148.4530873674784,2.0,0.0,1.637367822446539,0.2416089089686316,1.6777823782734145,0.5469790508651228
286,-1.644,16.0,0.4441323064042408,1.0395743424498184e-05,105801.83333333331,68963.67949819005,141.02083333333334,119.3766593215782,2.0,0.0,1.5567565680953352,0.2756425499286895,1.6573166517653517,0.7650791949140432
287,-1.439,16.0,0.4851205110764723,8.08908569094436e-06,79775.97916666667,55611.32654357139,110.25,85.04929734408982,2.0,0.0,1.51823474569204,0.2746278057461941,1.435517317301186,0.8723112564896416
288,-1.233,16.0,0.5215129315174092,9.65205740616871e-06,53007.29166666666,49994.412397556494,77.3125,94.31413247815188,2.0,0.0,1.402157165062708,0.2888779013648567,1.1929936146863074,0.7635575684786085
289,-1.028,16.0,0.5535546297193712,9.954958948980436e-06,48851.958333333336,45191.02440113256,88.45833333333333,91.58996468612528,2.0,0.0,1.3655824051836596,0.2933553543533567,1.2045012880458354,0.8605383673363557
290,-0.822,16.0,0.5820542441855222,4.8757491730617895e-06,26301.39583333333,26601.81952242764,37.0,42.64699236108929,2.0,0.0,1.2561911797932013,0.3099755801347715,1.1790645428326163,1.424218944420579
291,-0.617,16.0,0.6071749333435329,5.4100330818484745e-06,29477.791666666668,28256.304097179265,41.22916666666666,45.40889386281031,2.0,0.0,1.2796284057684573,0.3293859548154033,1.1053027554208985,0.7302283347416096
292,-0.411,16.0,0.6295694594849865,4.719972716914126e-06,18536.604166666668,20537.200886299903,35.9375,38.16114000371292,2.0,0.0,1.2021524159967023,0.2533676849328708,1.068874181415018,0.8050515866412236
293,-0.206,16.0,0.6493339907432893,5.450929306511039e-06,19312.791666666668,20990.114644916484,31.20833333333333,42.79339695204197,2.0,0.0,1.1442955952893803,0.3253082007351324,1.0682590900342606,0.8158525454116208
294,0.0,16.0,0.6669990993078473,5.383756271340746e-06,21607.83333333333,22723.0776022156,31.14583333333333,41.11477944307232,2.0,0.0,1.192159832690587,0.3240697399543297,1.0742917703925077,0.9311316559634096
295,0.206,16.0,0.6826889112634368,4.165172928680247e-06,15522.895833333334,17986.674339561192,29.041666666666668,31.06818741902311,2.0,0.0,1.1294464123628651,0.3611214981580177,1.0039898391051454,0.8577440635123247
296,0.411,16.0,0.6965984104649033,5.00321983812466e-06,11485.916666666666,14682.67089714126,24.8125,36.53890741824595,2.0,0.0,1.0900548909781482,0.3446412400256646,0.9772615241678908,1.436572088429531
297,0.617,16.0,0.7090429543636159,3.6075623357512926e-06,12222.770833333334,12640.051604459,21.0625,25.85508407142444,2.0,0.0,1.1284738315006515,0.2796130382301727,1.1322808352156697,0.9629592120742192
298,0.822,16.0,0.7200830753877976,4.926118175339214e-06,10767.145833333334,11856.33370189202,21.625,34.841052454973465,2.0,0.0,1.087703521708412,0.331118946659688,0.9473395315693462,0.8509341958320891
299,1.028,16.0,0.7300023573217037,4.0888516193806455e-06,9860.291666666666,13767.706721934692,16.3125,28.43967579939104,2.0,0.0,1.0044392429345572,0.3732675869083245,1.0065155608891012,1.038762459462711
300,1.233,16.0,0.7388175397038833,3.745362992697098e-06,10179.083333333334,13620.674421446076,17.375,25.742278329957923,2.0,0.0,1.0659693123782734,0.3189743445477893,0.8606172450742097,0.8421378567515805
301,1.439,16.0,0.746742644736059,4.144765035330064e-06,11815.3125,13253.463579672778,17.958333333333332,28.241329555023807,2.0,0.0,1.0666587281143214,0.3718934748270207,1.097862960593644,1.4910099815667728
302,1.644,16.0,0.7538126697822269,4.726750019281187e-06,9310.458333333334,11613.128945857812,17.958333333333332,31.92075182640786,2.0,0.0,0.9784087074177124,0.3512062410293408,0.9412643976435752,0.781198053937616
303,1.85,16.0,0.7601828507042986,3.800964899840753e-06,9223.354166666666,10968.444193267947,18.9375,25.389230628652253,2.0,0.0,1.0576859882884249,0.3209028065680844,0.9475280477086434,0.8324435896806955
304,-1.85,17.0,0.3955116304130741,1.8755434836543887e-05,187444.3958333333,118640.04572956098,278.6875,241.839682808366,2.0,0.0,1.656261995348724,0.258269719254457,1.650310439831844,0.7298790260167278
305,-1.644,17.0,0.4423771195216286,1.0233543236590096e-05,104113.58333333331,71849.99277893723,139.5625,117.96301372202636,2.0,0.0,1.57779941035562,0.1934032983412784,1.8089576978025887,1.1556575449647737
306,-1.439,17.0,0.4835520890757501,1.1622553218296007e-05,86382.58333333333,70026.02897246482,127.27083333333331,122.5366188573559,2.0,0.0,1.516634381774499,0.2115031986539745,1.3064784994415408,0.6507139614354593
307,-1.233,17.0,0.5201252401495643,9.88385361591014e-06,73185.27083333333,46111.539869053406,100.16666666666669,96.89176530746649,2.0,0.0,1.499104617247968,0.2748568762771426,1.5214873756692953,1.0471279950355756
308,-1.028,17.0,0.5523148957994327,9.427194315448304e-06,58823.4375,48574.12674959142,91.16666666666669,87.07036365463483,2.0,0.0,1.3800677134456352,0.3323247308393681,1.3245159126851784,0.7607851719000498
309,-0.822,17.0,0.5809404464126801,7.546906810974916e-06,37875.708333333336,36905.52714296809,47.625,66.19302045870704,2.0,0.0,1.3027228267287922,0.2957846339768104,1.2107449840938092,0.7707952008065873
310,-0.617,17.0,0.6061746094994799,5.378101166913154e-06,23347.125,26389.721100672446,38.625,45.17466103912679,2.0,0.0,1.2318981827323254,0.2966643299805055,1.044926236414797,0.8753966984405503
311,-0.411,17.0,0.6286693876262468,4.9272121936146695e-06,23152.58333333333,23597.865831047984,35.416666666666664,39.86777792042161,2.0,0.0,1.2229205643020913,0.3121849842450253,1.164679994512534,0.7851364570682394
312,-0.206,17.0,0.6485306747484573,8.34166789732412e-06,30001.625,28840.400908790903,44.4375,65.49416288754614,2.0,0.0,1.2508458806847245,0.3067500036816771,1.142617368281318,0.6828657609922856
313,0.0,17.0,0.6662601358197306,6.625775469881073e-06,19000.4375,21072.17071481504,39.145833333333336,50.67795256210066,2.0,0.0,1.208040341318434,0.3237520494557382,0.9060503330810076,0.6426474630838024
314,0.206,17.0,0.6820197599705963,5.345384578270108e-06,17081.020833333332,17866.48659515563,35.375,39.94657336248324,2.0,0.0,1.1345937737650609,0.3241592097843391,1.1282395293717116,0.8981204429150549
315,0.411,17.0,0.6959839149679747,6.445874819990578e-06,17737.6875,19987.60799729316,28.541666666666668,47.15116403126805,2.0,0.0,1.1330362677353003,0.3248454082003294,0.8919258776031022,0.8095821779034929
316,0.617,17.0,0.7084788376570511,6.77027981412824e-06,19643.791666666668,21502.537083318875,27.5,48.62885930645308,2.0,0.0,1.2063029676727277,0.3226667912248294,1.3266138136109673,0.8834635177475771
317,0.822,17.0,0.7195671737095485,3.5391916835242706e-06,9986.666666666666,12757.75740203105,15.291666666666666,25.037808290096624,2.0,0.0,1.0575465053975477,0.3138301042872231,1.0007210991227815,0.8102528011718841
318,1.028,17.0,0.7295081916337695,5.137863674632385e-06,15118.604166666666,17266.292122181094,22.166666666666668,35.799877174003804,2.0,0.0,1.122640325234041,0.3595793988158257,1.3125139038078797,2.0938893485548307
319,1.233,17.0,0.7383625381482651,4.515613689051692e-06,11344.645833333334,12347.830264204284,17.395833333333332,31.08515386450808,2.0,0.0,1.181105566095327,0.2474778626262107,1.128419921550576,1.001842860059948
320,1.439,17.0,0.746322254532045,3.589161177664812e-06,9904.354166666666,10026.83350981751,15.270833333333334,24.42595374416436,2.0,0.0,1.0825549772805658,0.3289651575193643,1.0600401556966308,1.0582663110390114
321,1.644,17.0,0.7534075898583334,3.897573289562126e-06,10255.479166666666,14270.2241047419,17.395833333333332,26.32185370124041,2.0,0.0,1.0045611427098995,0.3166357347864857,0.85895669357475,0.8463451077746629
322,1.85,17.0,0.7597972952366193,3.481826580386232e-06,8249.0,9897.218442250178,15.229166666666666,23.200549868147466,2.0,0.0,1.0250876828790576,0.3237722269921025,0.7900656241025814,0.6649098045351403
323,-1.85,18.0,0.3972211789415338,1.3570567585190287e-05,148874.0,91044.98557259972,207.4375,174.21921947985592,2.0,0.0,1.634513652174573,0.1906513852171467,1.6778500465423978,0.6487492719183388
324,-1.644,18.0,0.4439909562277752,1.171753079769862e-05,130897.60416666669,75461.65222340942,183.0625,134.63447856752347,2.0,0.0,1.5976603430363248,0.2342628941415848,1.4925644807766811,0.6624127878808393
325,-1.439,18.0,0.4850828347031257,1.0435009765504953e-05,93283.47916666669,60015.89101193953,134.70833333333334,109.64293271814404,2.0,0.0,1.5139437711722474,0.2633315937618703,1.578957448875678,1.0246146014165824
326,-1.233,18.0,0.5215811381749179,1.140938897292228e-05,72962.20833333333,52747.549593567725,108.66666666666669,111.59660128534254,2.0,0.0,1.4594280385695402,0.2381308673387215,1.297903954225898,0.5332004632702267
327,-1.028,18.0,0.5537091132710251,8.95704451380607e-06,51506.54166666666,43605.20577742804,83.6875,82.41492228288283,2.0,0.0,1.3883426410220003,0.2500738952833708,1.5378608541098169,1.0618649830592215
328,-0.822,18.0,0.5822859442314644,6.094134857256601e-06,33797.854166666664,29525.531136512574,51.875,53.39958761495082,2.0,0.0,1.3122687919303264,0.261588588278466,1.1444368025407938,0.7101755672437498
329,-0.617,18.0,0.6074803155037017,5.621791535754072e-06,31163.95833333333,27441.001800736325,44.41666666666666,47.1908002814709,2.0,0.0,1.364161106170379,0.2391327695978008,1.5224736394909602,0.8610612826850992
330,-0.411,18.0,0.6299465620193654,6.993033104687907e-06,30210.854166666668,27068.65624154552,52.91666666666666,56.5361241449512,2.0,0.0,1.2394870196368917,0.3646475248432229,1.1506645925089185,0.8261519476806676
331,-0.206,18.0,0.649769128782451,5.223246480426711e-06,20259.479166666668,19216.047054025847,32.25,40.957424702950654,2.0,0.0,1.2086344882706734,0.32678671673251,1.1145932117154211,0.8474007746929628
332,0.0,18.0,0.6674739631653542,5.136112385136539e-06,18785.291666666668,18108.59665951369,30.125,39.20791550564596,2.0,0.0,1.204866281118146,0.2755312723326762,1.0247134567979952,0.6684330220562672
333,0.206,18.0,0.6832234161412781,4.109073357512528e-06,20936.8125,19445.347003087365,25.291666666666668,30.5669536015984,2.0,0.0,1.223550453964814,0.2928320109179746,0.9545988919410556,0.6799806707217396
334,0.411,18.0,0.6971683406164241,3.592409814554451e-06,10590.229166666666,11100.088374652189,24.20833333333333,26.1883182771326,2.0,0.0,1.0610558577033604,0.3471794513321964,0.8137230849674664,0.8475263130297911
335,0.617,18.0,0.7096531047608864,4.549098956262481e-06,12046.875,14245.033732027305,22.125,32.574382964715,2.0,0.0,1.0397733709912502,0.3349197057618362,0.8392757922976973,0.6723356607043768
336,0.822,18.0,0.7207427027997757,3.2827509384552944e-06,11495.458333333334,11495.651414558266,18.9375,23.15388506529781,2.0,0.0,1.07615449084987,0.3169013183112671,1.0413923085287025,0.8543346498576269
337,1.028,18.0,0.7306825117418038,3.927399420310529e-06,9379.541666666666,10083.776485572898,17.395833333333332,27.333044130108156,2.0,0.0,0.9779494074209648,0.3405614484569594,0.8194657020401129,1.0854490224634226
338,1.233,18.0,0.7395323880983652,4.347862229609383e-06,8291.458333333334,9871.70037942834,16.291666666666668,29.857076807031746,2.0,0.0,1.0186206115963967,0.3506348168492619,0.9992244770149296,0.9192248154521764
339,1.439,18.0,0.7474840489115127,5.496934970741995e-06,11006.625,13584.808777305532,27.4375,37.429028585458425,2.0,0.0,1.0713002583904143,0.2979104867685502,1.0557928543807833,0.9225676118811634
340,1.644,18.0,0.7545774366739831,3.690925868114781e-06,8313.854166666666,9011.383318819906,16.333333333333332,24.85304325158688,2.0,0.0,1.0321080708561328,0.303661101542866,1.012150392827643,0.9290314133479602
341,1.85,18.0,0.7609577743511712,4.491002710380735e-06,8944.354166666666,10213.309234043343,18.39583333333333,29.98066013732025,2.0,0.0,1.1025168876413394,0.2812412176774477,1.2363709364982436,1.286083075033927
342,-1.85,19.0,0.3963597811856189,1.0430999302696673e-05,156732.3125,84553.66350233574,189.9375,134.19141714793167,2.0,0.0,1.643774038101809,0.1014073234256907,1.7226622859894472,0.6173268383519904
343,-1.644,19.0,0.4432134815088198,1.3985662988820964e-05,111094.20833333331,77136.63423720947,154.875,160.85445053003397,2.0,0.0,1.5362675948043218,0.2740260849176819,1.5392781609217543,0.7542574702811382
344,-1.439,19.0,0.4843664030567791,1.1436077413858064e-05,78761.72916666667,67219.673511947,119.89583333333331,120.35695837415474,2.0,0.0,1.415181275647626,0.3450563544632897,1.4186541166321625,1.0931809158441852
345,-1.233,19.0,0.520918193739861,8.341093719254654e-06,56623.54166666666,42527.44926387949,79.95833333333333,81.63852822522061,2.0,0.0,1.400777677783965,0.2604549292686836,1.4268994356670248,0.8276915085711188
346,-1.028,19.0,0.5530932965215928,8.30645006135346e-06,54942.16666666666,41575.57303674037,76.29166666666667,76.58369315159453,2.0,0.0,1.3439988988735736,0.3183892477783818,1.2910538330192605,0.7593841521955865
347,-0.822,19.0,0.5817163626067382,7.065293583031344e-06,34461.354166666664,30633.587975882823,55.583333333333336,61.908591963194,2.0,0.0,1.2911113672311176,0.2559346479193793,1.3335854493307735,0.7581057957171031
348,-0.617,19.0,0.6069400578732255,4.942512801127031e-06,27110.5,22787.354189027086,42.22916666666666,41.4483732110679,2.0,0.0,1.262197797082196,0.295661644501989,1.1852442749683254,0.7851662146725905
349,-0.411,19.0,0.6294286717048435,4.915807083493898e-06,15505.354166666666,22115.770170482403,29.541666666666668,39.71706227128327,2.0,0.0,1.1183345482119336,0.3089856717465721,0.8727803346904838,0.797947188579558
350,-0.206,19.0,0.6492888551841335,4.574413108843114e-06,19560.354166666668,18192.559932962988,30.0625,35.794571233459884,2.0,0.0,1.204461131413168,0.2790770818004915,1.101008079724133,0.7725275368176874
351,0.0,19.0,0.6670150026521248,5.194156686503949e-06,22213.45833333333,18393.81382012145,38.10416666666666,39.63946002129875,2.0,0.0,1.213002096295187,0.3425146083319541,0.9662164323117404,0.6336326195914258
352,0.206,19.0,0.6827777738100661,4.20523967531044e-06,11031.145833333334,14243.355279447958,20.5625,31.35242788114747,2.0,0.0,1.0347570992573087,0.3126834630208775,0.7593920972794486,0.5655674358870937
353,0.411,19.0,0.6967427579618265,3.933461234571598e-06,12074.020833333334,14172.305762174976,20.0,28.71947963731756,2.0,0.0,1.088140277651153,0.2590837579089661,0.889751216260018,0.7248220575955672
354,0.617,19.0,0.7092428813366313,5.206640334460514e-06,12603.625,16353.878883532008,20.541666666666668,37.30036696718311,2.0,0.0,1.0738725188889675,0.3140483834132731,0.951121483854776,0.8493789677361846
355,0.822,19.0,0.7203322510665173,4.557412429018477e-06,9539.958333333334,15356.8539898741,15.75,32.12575026030107,2.0,0.0,0.9642775124194918,0.32334620403602,1.147693478945391,1.1188107750600988
356,1.028,19.0,0.7302825864364805,3.7630617399307145e-06,9442.229166666666,9180.2273560118,17.875,26.184797440905985,2.0,0.0,1.0698966180528933,0.2782699463917533,1.0881600192079148,0.8150193789905077
357,1.233,19.0,0.7391273867874556,4.069162086719025e-06,9360.375,12500.693093338055,16.333333333333332,27.975166292231656,2.0,0.0,1.0125211672376373,0.2835695104329093,0.928464190599322,0.8668261905482831
358,1.439,19.0,0.7470929572662705,4.21768794201234e-06,8506.083333333334,11602.87351392498,20.08333333333333,28.7349096998928,2.0,0.0,0.9673122089722532,0.3621184640429375,0.975647603279496,1.3067570523274712
359,1.644,19.0,0.7541818069056886,3.011694309905443e-06,6763.083333333333,8167.872401511662,12.083333333333334,20.223047030694303,2.0,0.0,0.9486437082848916,0.3307921488416532,0.9403818108613368,0.9632337227712324
360,1.85,19.0,0.7605719014432225,3.234485091179416e-06,7199.8125,9283.671129728087,12.604166666666666,21.526569019675783,2.0,0.0,1.018881452588128,0.3611579605850607,0.9105593776062711,1.052998390687952
361,-1.85,20.0,0.3953085067113879,1.167167521888467e-05,140549.89583333334,83055.54808097692,174.04166666666666,150.47343136281333,2.0,0.0,1.597040604046298,0.2024824711817146,1.5461919723068178,0.704464205832348
362,-1.644,20.0,0.4423068172201532,1.2508872356341196e-05,141030.64583333334,67553.43740076541,193.70833333333331,144.25788939424515,2.0,0.0,1.607048167750434,0.1875975679817558,1.4554361344655171,0.5875744028428515
363,-1.439,20.0,0.4836028332784814,1.4471647701939657e-05,121611.875,70708.89921499846,187.875,152.59829409827006,2.0,0.0,1.5780261873047383,0.1123989730202808,1.5524898814964565,0.6015674645567557
364,-1.233,20.0,0.5202673023982073,1.1393128118837878e-05,70847.83333333333,53805.870834993984,120.35416666666669,111.67324858870458,2.0,0.0,1.4228057934566931,0.2648052503971998,1.519567595766162,0.8321423046354753
365,-1.028,20.0,0.5525344392542321,8.372731604690785e-06,56304.833333333336,40161.36390428594,86.91666666666667,77.26022161482344,2.0,0.0,1.3970041274487042,0.2300115144223504,1.3964613031028998,0.7762165798499872
366,-0.822,20.0,0.5812272048960612,7.723897427988678e-06,40570.208333333336,33433.81657935655,62.895833333333336,67.7552666032853,2.0,0.0,1.323079626962649,0.3022894400635722,1.2634026619278749,0.7455558591073638
367,-0.617,20.0,0.6065321394566384,6.486080576598963e-06,40669.0625,34538.08002856905,59.8125,54.48976333689327,2.0,0.0,1.2757396582086404,0.2963697239135849,1.2158432136395074,0.6757137950254022
368,-0.411,20.0,0.6290760942457014,6.755766114453125e-06,26269.52083333333,26634.782109904896,49.22916666666666,54.699659489131655,2.0,0.0,1.2436758747283985,0.2915141743674325,1.2730529088066895,1.0464795880023066
369,-0.206,20.0,0.648985746281531,5.958690211227583e-06,23481.58333333333,22276.24664881553,44.895833333333336,46.7170020457418,2.0,0.0,1.21481580894117,0.2714325365433988,1.174895756287226,0.731632211865365
370,0.0,20.0,0.6667439588260494,4.797028773582046e-06,18462.854166666668,17378.41325297123,30.104166666666668,36.61312378551349,2.0,0.0,1.20997251905978,0.2396868922149185,0.967801693434176,0.5171447362565663
371,0.206,20.0,0.6825441948485381,5.642556927575252e-06,15260.916666666666,17063.53239206453,31.166666666666668,42.09630970501027,2.0,0.0,1.114042816706787,0.327729154834898,1.2750632511466804,1.3153050191283129
372,0.411,20.0,0.6965393534017957,4.683625569262079e-06,15866.104166666666,12464.584195196052,31.70833333333333,34.29345098035256,2.0,0.0,1.145710159159438,0.3235494019451259,1.0642002208496006,0.8561849553064564
373,0.617,20.0,0.7090579544327641,4.222453762909148e-06,13685.833333333334,14495.926850264766,21.041666666666668,30.30550707157444,2.0,0.0,1.064347250730862,0.2975400946178091,1.0404604776073698,0.7208960760121639
374,0.822,20.0,0.7201646511233556,6.642160623915504e-06,15438.416666666666,18247.782077799628,32.770833333333336,47.00667204038228,2.0,0.0,1.1133488537925185,0.3117242121788234,1.076059873670938,0.9379498919826292
375,1.028,20.0,0.7301334985821749,4.388523455188147e-06,12802.895833333334,14649.658557112592,24.229166666666668,30.576196821330434,2.0,0.0,1.0247953656948636,0.3427586594765337,1.0365327234353996,0.9620806936997284
376,1.233,20.0,0.7389976172985916,3.405218371325836e-06,11473.75,12366.67566314597,17.895833333333332,23.37778503907788,2.0,0.0,1.031193353850613,0.3015163336867219,1.1029798599280545,1.0704684951728292
377,1.439,20.0,0.7469687348755764,4.933281914544957e-06,13013.3125,12226.921849817416,25.39583333333333,33.60201335364356,2.0,0.0,1.098022249135285,0.2708278784956385,1.0173683279715122,0.8257111445793169
378,1.644,20.0,0.7540720422901971,3.008110960537598e-06,9525.041666666666,10906.685361405407,13.6875,20.245468366073972,2.0,0.0,1.0291211224625,0.2995618944376805,0.8833895315951391,0.8788778263191072
379,1.85,20.0,0.7604780894625622,3.973049885832681e-06,9382.125,13718.0424238114,20.52083333333333,26.52737613103044,2.0,0.0,0.9771777026133398,0.2970602515774678,1.074797902182729,0.9983897315199878
